-- MySQL dump 10.13  Distrib 5.7.9, for Win64 (x86_64)
--
-- Host: localhost    Database: aeelvola_prueba
-- ------------------------------------------------------
-- Server version	5.7.9-log

/*!40101 SET @OLD_CHARACTER_SET_CLIENT=@@CHARACTER_SET_CLIENT */;
/*!40101 SET @OLD_CHARACTER_SET_RESULTS=@@CHARACTER_SET_RESULTS */;
/*!40101 SET @OLD_COLLATION_CONNECTION=@@COLLATION_CONNECTION */;
/*!40101 SET NAMES utf8 */;
/*!40103 SET @OLD_TIME_ZONE=@@TIME_ZONE */;
/*!40103 SET TIME_ZONE='+00:00' */;
/*!40014 SET @OLD_UNIQUE_CHECKS=@@UNIQUE_CHECKS, UNIQUE_CHECKS=0 */;
/*!40014 SET @OLD_FOREIGN_KEY_CHECKS=@@FOREIGN_KEY_CHECKS, FOREIGN_KEY_CHECKS=0 */;
/*!40101 SET @OLD_SQL_MODE=@@SQL_MODE, SQL_MODE='NO_AUTO_VALUE_ON_ZERO' */;
/*!40111 SET @OLD_SQL_NOTES=@@SQL_NOTES, SQL_NOTES=0 */;

--
-- Table structure for table `actividades`
--

DROP TABLE IF EXISTS `actividades`;
/*!40101 SET @saved_cs_client     = @@character_set_client */;
/*!40101 SET character_set_client = utf8 */;
CREATE TABLE `actividades` (
  `cod_act` varchar(10) NOT NULL DEFAULT '',
  `descripcion` varchar(200) DEFAULT NULL,
  PRIMARY KEY (`cod_act`)
) ENGINE=InnoDB DEFAULT CHARSET=latin1;
/*!40101 SET character_set_client = @saved_cs_client */;

--
-- Dumping data for table `actividades`
--

LOCK TABLES `actividades` WRITE;
/*!40000 ALTER TABLE `actividades` DISABLE KEYS */;
INSERT INTO `actividades` VALUES ('DOC1','FACTURAS'),('DOC2','BOLETAS'),('DOC3','INTERNO');
/*!40000 ALTER TABLE `actividades` ENABLE KEYS */;
UNLOCK TABLES;

--
-- Table structure for table `articulos`
--

DROP TABLE IF EXISTS `articulos`;
/*!40101 SET @saved_cs_client     = @@character_set_client */;
/*!40101 SET character_set_client = utf8 */;
CREATE TABLE `articulos` (
  `codigo_original` varchar(50) CHARACTER SET latin1 NOT NULL,
  `codigo_interno` varchar(50) CHARACTER SET latin1 DEFAULT NULL,
  `nombre` varchar(200) CHARACTER SET latin1 DEFAULT NULL,
  `precio_costo` double DEFAULT '0',
  `precio_unitario` decimal(5,2) DEFAULT '0.00',
  `imagen_1` varchar(200) CHARACTER SET latin1 DEFAULT NULL,
  `imagen_2` varchar(200) CHARACTER SET latin1 DEFAULT NULL,
  `imagen_3` varchar(100) CHARACTER SET latin1 DEFAULT NULL,
  `stock` int(11) DEFAULT NULL,
  `descripcion` varchar(300) CHARACTER SET latin1 DEFAULT NULL,
  `marca` varchar(20) CHARACTER SET latin1 DEFAULT NULL,
  `diagrama` varchar(100) CHARACTER SET latin1 DEFAULT 'imagenes/no-disponible.jpg',
  `dimension` varchar(100) CHARACTER SET latin1 DEFAULT 'imagenes/no-disponible.jpg',
  `caracteristicas` varchar(200) DEFAULT NULL,
  `medidas` varchar(200) DEFAULT NULL,
  `caracteristicas2` varchar(200) DEFAULT NULL,
  PRIMARY KEY (`codigo_original`)
) ENGINE=InnoDB DEFAULT CHARSET=utf8;
/*!40101 SET character_set_client = @saved_cs_client */;

--
-- Dumping data for table `articulos`
--

LOCK TABLES `articulos` WRITE;
/*!40000 ALTER TABLE `articulos` DISABLE KEYS */;
INSERT INTO `articulos` VALUES ('0.4774','3M.204.101','ARMADURA DE ARRANCADOR ORIGINAL 25D',0,138.00,'imagenes/','imagenes/','imagenes/',NULL,NULL,NULL,'imagenes/','imagenes/','SISTEMA DELCO REMY 24V EJE CORTO','50MT  JOHN DEERE 2010  KAT',NULL),('025-012 HM','3M.656.071','ARMADURA DE ARRANCADOR ORIGINAL 29D',0,32.00,'imagenes/','imagenes/','imagenes/',NULL,NULL,NULL,'imagenes/','imagenes/','SISTEMA MITSUBISHI 12V (+)','HYUNDAI',NULL),('025-032','3M.951.063','ARMADURA DE ARRANCADOR ORIGINAL 21D',0,68.00,'imagenes/','imagenes/','imagenes/',NULL,NULL,NULL,'imagenes/','imagenes/','SISTEMA NIKO 24V','NIKO',NULL),('025-126','3M.951.066','ARMADURA DE ARRANCADOR ORIGINAL 23D',0,34.00,'imagenes/','imagenes/','imagenes/',NULL,NULL,NULL,'imagenes/','imagenes/','SISTEMA BOSCH 12V','FORD ALEMAN',NULL),('025-128','3M.951.064','ARMADURA DE ARRANCADOR ORIGINAL 23D',0,35.00,'imagenes/','imagenes/','imagenes/',NULL,NULL,NULL,'imagenes/','imagenes/','SISTEMA VALEO 12V','CHEVROLET CORSA',NULL),('025-129','3M.951.062','ARMADURA DE ARRANCADOR ORIGINAL 23D',0,55.00,'imagenes/','imagenes/','imagenes/',NULL,NULL,NULL,'imagenes/','imagenes/','SISTEMA NIKO 24V','NIKO',NULL),('025-146-HM','3M.656.070','ARMADURA DE ARRANCADOR ORIGINAL 23D',0,43.00,'imagenes/','imagenes/','imagenes/',NULL,NULL,NULL,'imagenes/','imagenes/','SISTEMA MITSUBISHI 12V (+)','MITSUBISHI FORD',NULL),('025-155','3M.951.067','ARMADURA DE ARRANCADOR ORIGINAL 21D',0,70.00,'imagenes/','imagenes/','imagenes/',NULL,NULL,NULL,'imagenes/','imagenes/','SISTEMA NIKKO 24V','NIKKO KOMATSU',NULL),('084 059 033','3M.101.135','ARMADURA DE ARRANCADOR EJD (+) DESLIZANTE CHICO 33 DELGAS',0,108.00,'imagenes/305747_284367704913153_4917395_n.jpg','imagenes/305747_284367704913153_4917395_n.jpg','imagenes/305747_284367704913153_4917395_n.jpg',NULL,NULL,NULL,'imagenes/305747_284367704913153_4917395_n.jpg','imagenes/305747_284367704913153_4917395_n.jpg','MONARK 24V','VOLVO N7 B57 PENTA DEUTZ',NULL),('084 069 004','3M.101.191','ARMADURA DE ARRANCADOR ORIGINAL (3 ENTRADAS)',0,165.00,'imagenes/','imagenes/','imagenes/',NULL,NULL,NULL,'imagenes/','imagenes/','MONARK 12V','FORD TAUNUS OPEL SCANIA MERCEDES',NULL),('084 089 039','3M.101.201','ARMADURA DE ARRANCADOR ORIGINAL (ENTRADA FINA) 23 DELGAS',69,69.00,'imagenes/','imagenes/','imagenes/',NULL,NULL,NULL,'imagenes/','imagenes/','MONARK 24V','FORD TAUNUS OPEL DEUTZ MERCEDES BENZ',NULL),('1.004.002.127','3M.101.252','ARMADURA DE ARRANCADOR 33 DELGAS',0,63.00,'imagenes/','imagenes/','imagenes/',NULL,NULL,NULL,'imagenes/','imagenes/','SISTEMA BOSCH 12V','VW',NULL),('1.900.308.531','5A.101.041','AISLANTE DE ARRANCADOR  TUBO KB',0,1.40,'imagenes/','imagenes/','imagenes/',NULL,NULL,NULL,'imagenes/','imagenes/','SISTEMA BOSCH 12-24V','VOLVO SCANIA FIAT CATERPILLAR',NULL),('12-5027','3M.101.231','ARMADURA DE ARRANCADR ORIGINAL HF 23 DELGAS',0,115.00,'imagenes/','imagenes/','imagenes/',NULL,NULL,NULL,'imagenes/','imagenes/','FLAG 24V','VOLVO AUTO MERCEDES BENZ',NULL),('125023','3M.101.041','ARMADURA DE ARRANCADOR KB ORIGINAL',0,120.00,'imagenes/','imagenes/','imagenes/',NULL,NULL,NULL,'imagenes/','imagenes/','SISTEMA BOSCH 24V FLAG ALEMAN','VOLVO SCANIA FIAT PEGASO',NULL),('1M-1450  WAI','3M.656.073','ARMADURA DE ARRANCADOR ORIGINAL 28D',0,35.00,'imagenes/','imagenes/','imagenes/',NULL,NULL,NULL,'imagenes/','imagenes/','SISTEMA MITSUBISHI 12V (+)','KIA OPTIMA',NULL),('1M-3079','3M.656.068','ARMADURA DE ARRANCADOR ORIGINAL 25D',0,42.00,'imagenes/','imagenes/','imagenes/',NULL,NULL,NULL,'imagenes/','imagenes/','SISTEMA MITSUBISHI 12V (+)','MITSUBISHI',NULL),('1M-3095','3M.656.065','ARMADURA DE ARRANCADOR ORIGINAL 25D',0,42.00,'imagenes/','imagenes/','imagenes/',NULL,NULL,NULL,'imagenes/','imagenes/','SISTEMA MITSUBISHI 24V','NISSAN',NULL),('1M-913H-3  WAI ','3M.656.074','ARMADURA DE ARRANCADOR ORIGINAL 13D',0,36.00,'imagenes/','imagenes/','imagenes/',NULL,NULL,NULL,'imagenes/','imagenes/','SISTEMA VALEO 12V (+) ','PEGEOT LAND ROVER',NULL),('2.004.004.016','3M.101.202','ARMADURA DE ARRANCADOR ORIGINAL (3 ENTRADAS) 29 DELGAS',0,96.00,'imagenes/','imagenes/','imagenes/',NULL,NULL,NULL,'imagenes/','imagenes/','SISTEMA BOSCH 12 V','VOLVO BMW FH',NULL),('2.004.004.068','3M.101.181','ARMADURA DE ARRANCADOR JF ORIGINAL (ENTRADA FINA)',0,136.00,'imagenes/','imagenes/','imagenes/',NULL,NULL,NULL,'imagenes/','imagenes/','SISTEMA BOSCH 12V','SCOOP MERCEDES BENZ (EJE ANCHO)',NULL),('2.004.004.071','3M.101.171','ARMADURA DE ARRANCADOR JF ORIGINAL (ENTRADA FINA)',0,136.00,'imagenes/','imagenes/','imagenes/',NULL,NULL,NULL,'imagenes/','imagenes/','SISTEMA BOSCH 12V','SCOOP MERCEDES BENZ (EJE ANGOSTO)',NULL),('2.004.004.11','3M.101.131','ARMADURA DE ARRANCADOR EJD ORIGINAL',0,292.00,'imagenes/','imagenes/','imagenes/',NULL,NULL,NULL,'imagenes/','imagenes/','SISTEMA BOSCH 24V','VOLVO N7 B57 PENTA DEUTZ',NULL),('2.004.004.112','3M.101.121','ARMADURA DE ARRANCADOR EJD ORIGINAL',0,292.00,'imagenes/','imagenes/','imagenes/',NULL,NULL,NULL,'imagenes/','imagenes/','SISTEMA BOSCH 12V','PERKINS VOLVO PENTA FIAT',NULL),('2.004.005.022','3M.101.061','ARMADURA DE ARRANCADOR KB ORIGINAL CHICA 29 DELGAS',0,343.00,'imagenes/','imagenes/','imagenes/',NULL,NULL,NULL,'imagenes/','imagenes/','SISTEMA BOSCH 24V','VOLVO SCANIA FIAT MERCEDES BENZ',NULL),('2.004.005.025/151','3M.101.051','ARMADURA DE ARRANCADOR KB ORIGINAL 25 DELGAS',0,365.00,'imagenes/','imagenes/','imagenes/',NULL,NULL,NULL,'imagenes/','imagenes/','SISTEMA BOSCH 24V  ALEMAN','VOLVO SCANIA FIAT CATERPILLAR',NULL),('2.004.005.137','3M.101.071','ARMADURA DE ARRANCADOR KB ORIGINAL CHICA 37 DELGAS',0,343.00,'imagenes/','imagenes/','imagenes/',NULL,NULL,NULL,'imagenes/','imagenes/','SISTEMA BOSCH 24V','VOLVO SCANIA FIAT MERCEDES BENZ',NULL),('2.004.005.916','3M.101.021','ARMADURA DE ARRANCADOR BNG ORIGINAL CAMPANA CORTA',0,170.00,'imagenes/','imagenes/','imagenes/',NULL,NULL,NULL,'imagenes/','imagenes/','SISTEMA BOSCH','24V',NULL),('2.004.006.101','3M.101.081','ARMADURA DE ARRANCADOR KB ORIGINAL 29 DELGAS',0,105.00,'imagenes/','imagenes/','imagenes/',NULL,NULL,NULL,'imagenes/','imagenes/','SITEMA BOSCH 24V','MAGYRUS DEUTZ JARVIS CLARK JS350',NULL),('22.001.053','3M.101.133','ARMADURA DE ARRANCADOR EJD (+)',0,64.50,'imagenes/','imagenes/','imagenes/',NULL,NULL,NULL,'imagenes/','imagenes/','REAL 24V','VOLVO N7 B57 PENTA DEUTZ',NULL),('228-29  WAPSA','3M.951.041','ARMADURA DE ARRANCADOR ORIGINAL 27D',0,85.50,'imagenes/','imagenes/','imagenes/',NULL,NULL,NULL,'imagenes/','imagenes/','SISTEMA WAPSA 12V','DODGE D100 D300 BRASILEROS',NULL),('228.43  WAPSA','3M.951.051','ARMADURA DE ARRANCADOR ORIGINAL 23D',0,82.00,'imagenes/','imagenes/','imagenes/',NULL,NULL,NULL,'imagenes/','imagenes/','SISTEMA WAPSA 12V','DODGE DP300 DP500 FORD BRASILEROS',NULL),('228.50  WAPSA','3M.951.021','ARMADURA DE ARRANCADOR ORIGINAL 27D',0,72.00,'imagenes/','imagenes/','imagenes/',NULL,NULL,NULL,'imagenes/','imagenes/','SISTEMA WAPSA 12V','VOLKSWAGEN ESCARABAJO BRASILEROS',NULL),('23310-H5000','3M.403.031','ARMADURA DE ARRANCADOR ORIGINAL 29D',0,43.50,'imagenes/','imagenes/','imagenes/',NULL,NULL,NULL,'imagenes/','imagenes/','SISTEMA HITACHI 12V','DATSUN NISSAN AUTO Y CAMIONETA ',NULL),('28160-15010','3M.703.021','ARMADURA DE ARRANCADOR ORIGINAL 21D',0,48.00,'imagenes/','imagenes/','imagenes/',NULL,NULL,NULL,'imagenes/','imagenes/','SISTEMA NIPPODENSO 12V','TOYOTA CAMIONETA STOUT',NULL),('28160-15090  61-8211  WAI','3M.703.082','ARMADURA DE ARRANCADOR ORIGINAL 21D',0,31.00,'imagenes/','imagenes/','imagenes/',NULL,NULL,NULL,'imagenes/','imagenes/','SISTEMA NIPPODENSO 12V ','TOYOTA CELICA CON DESMULTIPLICADOR',NULL),('28160-26070','3M.703.031','ARMADURA DE ARRANCADOR ORIGINAL 21D',0,69.00,'imagenes/','imagenes/','imagenes/',NULL,NULL,NULL,'imagenes/','imagenes/','SISTEMA NIPPODENSO 12V','TOYOTA HILUX HIACE HONDA',NULL),('28160-41011','3M.703.091','ARMADURA DE ARRANCADOR ORIGINAL 37D',0,43.00,'imagenes/','imagenes/','imagenes/',NULL,NULL,NULL,'imagenes/','imagenes/','SISTEMA NOPPODENSO 12V','TOYOTA DEL 68 AL 70',NULL),('3033-1F','3M.101.205','ARMADURA DE ARRANCADOR 21 DELGAS',0,55.00,'imagenes/','imagenes/','imagenes/',NULL,NULL,NULL,'imagenes/','imagenes/','RENATA 12V','BOSCH PERKINS JF',NULL),('3075','3M.101.206','ARMADURA DE ARRANCADOR 29 DELGAS',0,82.00,'imagenes/','imagenes/','imagenes/',NULL,NULL,NULL,'imagenes/','imagenes/','RENATA 24V','VOLVO FH',NULL),('36100-21770 COREANO','3M.656.053','ARMADURA DE ARRANCADOR ORIGINAL 21D',0,40.00,'imagenes/','imagenes/','imagenes/',NULL,NULL,NULL,'imagenes/','imagenes/','SISTEMA MITSUBISHI 12V HUECO','MITSUBISHI NISSAN HYUNDAI',NULL),('3M.101.011','3M.101.011','ARMADURA DE ARRANCADOR BNG ORIGINAL',0,170.00,'imagenes/','imagenes/','imagenes/',NULL,NULL,NULL,'imagenes/','imagenes/','SISTEMA BOSCH 12V','FIAT PERKINS VOLVO F86',NULL),('3M.101.031','3M.101.031','ARMADURA DE ARRANCADOR BNG ORIGINAL CAMPANA LARGA',0,175.00,'imagenes/','imagenes/','imagenes/',NULL,NULL,NULL,'imagenes/','imagenes/','SISTEMA BOSCH 24V','VOLVO N86 B57 MERCEDES BENZ',NULL),('3M.101.062','3M.101.062','ARMADURA DE ARRANCADOR KB (+) CHICA 29 DELGAS',0,179.00,'imagenes/','imagenes/','imagenes/',NULL,NULL,NULL,'imagenes/','imagenes/','SISTEMA BOSCH 24V','VOLVO SCANIA FIAT MERCEDES BENZ',NULL),('3M.101.111','3M.101.111','ARMADURA DE ARRANCADOR EJD ORIGINAL LARGA',0,320.00,'imagenes/','imagenes/','imagenes/',NULL,NULL,NULL,'imagenes/','imagenes/','SISTEMA BOSCH 24V','VOLVO PENTA DEUTZ',NULL),('3M.101.132','3M.101.132','ARMADURA DE ARRANCADOR EJD (+)',0,210.00,'imagenes/','imagenes/','imagenes/',NULL,NULL,NULL,'imagenes/','imagenes/','SISTEMA BOSCH 24V','VOLVO B57 PENTA DEUTZ',NULL),('3M.101.203','3M.101.203','ARMADURA DE ARRANCADOR ORIGINAL (3 ENTRADAS) 23 DELGAS',0,48.00,'imagenes/','imagenes/','imagenes/',NULL,NULL,NULL,'imagenes/','imagenes/','SISTEMA BOSCH 12V','TAUNUS OPEL',NULL),('3M.101.204','3M.101.204','ARMADURA DE ARRANCADOR 28 DELGAS',0,70.00,'imagenes/','imagenes/','imagenes/',NULL,NULL,NULL,'imagenes/','imagenes/','SISTEMA BOSCH 12V','NISSAN FIERA LADA',NULL),('3M.101.211','3M.101.211','ARMADURA DE ARRANCADOR ORIGINAL 33 DELGAS',0,57.00,'imagenes/','imagenes/','imagenes/',NULL,NULL,NULL,'imagenes/','imagenes/','SISTEMA BOSCH 12V','FORD TAUNUS OPEL',NULL),('3M.101.241','3M.101.241','ARMADURA DE ALTERNADOR ORIGINAL (3 ENTRADAS) 23 DELGAS',0,57.00,'imagenes/','imagenes/','imagenes/',NULL,NULL,NULL,'imagenes/','imagenes/','SISTEMA BOSCH 12V','VW DEL 61 AL 63',NULL),('3M.153.011','3M.153.011','ARMADURA DE ARRANCADOR ORIGINAL 17 DELGAS',0,68.00,'imagenes/','imagenes/','imagenes/',NULL,NULL,NULL,'imagenes/','imagenes/','SISTEMA CAV 12V','DODGE DP500 PERKINS FORDSON LISTER',NULL),('3M.153.021','3M.153.021','ARMADURA DE ARRANCADOR ORIGINAL 23 DELGAS',0,97.00,'imagenes/','imagenes/','imagenes/',NULL,NULL,NULL,'imagenes/','imagenes/','SISTEMA CAV 24V','FORDSON LISTER INGERSOLL RAND',NULL),('3M.156.011','3M.156.011','ARMADURA DE ARRANCADOR ORIGINAL (CORTA) 27 DELGAS',0,42.00,'imagenes/','imagenes/','imagenes/',NULL,NULL,NULL,'imagenes/','imagenes/','SISTEMA CHRYSLER 12V','DODGE D100 D300 D500',NULL),('3M.156.021','3M.156.021','ARMADURA DE ARRANCADOR ORIGINAL (GRANDE) 27 DELGAS',0,42.00,'imagenes/','imagenes/','imagenes/',NULL,NULL,NULL,'imagenes/','imagenes/','SISTEMA CHRYSLER 12V','DODGE D500 D600',NULL),('3M.156.031','3M.156.031','ARMADURA DE ARRANCADOR ORIGINAL (EJE LARGO) 27 DELGAS',0,42.00,'imagenes/','imagenes/','imagenes/',NULL,NULL,NULL,'imagenes/','imagenes/','SISTEMA CHRYSLER 12V','DODGE D500 ANTIGUO',NULL),('3M.204.011','3M.204.011','ARMADURA DE ARRANCADOR ORIGINAL 25D',0,87.00,'imagenes/','imagenes/','imagenes/',NULL,NULL,NULL,'imagenes/','imagenes/','SISTEMA DELCO REMY 12V COLECTOR GRANDE','CATERPILLAR 950',NULL),('3M.204.021','3M.204.021','ARMADURA DE ARRANCADOR ORIGINAL 25D',0,210.00,'imagenes/','imagenes/','imagenes/',NULL,NULL,NULL,'imagenes/','imagenes/','SISTEMA DELCO REMY 24V COLECTOR CHICO','CATERPILLAR 930 950',NULL),('3M.204.022','3M.204.022','ARMADURA DE ARRANCADOR ORIGINAL 29D',0,232.00,'imagenes/','imagenes/','imagenes/',NULL,NULL,NULL,'imagenes/','imagenes/','SISTEMA DELCO REMY COLECTOR CHICO EJE GRUESO','CATERPILLAR',NULL),('3M.204.041','3M.204.041','ARMADURA DE ARRANCADOR ORIGINAL 25D',0,285.00,'imagenes/','imagenes/','imagenes/',NULL,NULL,NULL,'imagenes/','imagenes/','SISTEMA DELCO REMY 24V COLECTOR GRANDE','CATERPILLAR D6C 140C 966C GENERAL',NULL),('3M.204.051','3M.204.051','ARMADURA DE ARRANCADOR ORIGINAL 25D',0,385.00,'imagenes/','imagenes/','imagenes/',NULL,NULL,NULL,'imagenes/','imagenes/','SISTEMA DELCO REMY 24V GRANDE EJE CORTO','CATERPILLAR D8K 922C',NULL),('3M.204.061','3M.204.061','ARMADURA DE ARRANCADOR ORIGINAL 25D',0,310.00,'imagenes/','imagenes/','imagenes/',NULL,NULL,NULL,'imagenes/','imagenes/','SISTEMA DELCO REMY  EJE LARGO','50MT  CATERPILLAR D8K 922C ',NULL),('3M.204.081','3M.204.081','ARMADURA DE ARRANCADOR ORIGINAL 25D',0,172.00,'imagenes/','imagenes/','imagenes/',NULL,NULL,NULL,'imagenes/','imagenes/','SISTEMA DELCO REMY',' MICHIGAN GENERAL MOTORS',NULL),('3M.204.091','3M.204.091','ARMADURA DE ARRANCADOR ORIGINAL 25D',0,132.00,'imagenes/','imagenes/','imagenes/',NULL,NULL,NULL,'imagenes/','imagenes/','SISTEMA DELCO REMY 24V LARGA','MICHIGAN GENERAL MOTORS',NULL),('3M.204.092','3M.204.092','ARMADURA DE ARRANCADOR ORIGINAL 35D',0,395.00,'imagenes/','imagenes/','imagenes/',NULL,NULL,NULL,'imagenes/','imagenes/','SISTEMA DELCO REMY 24V GRANDE','MICHIGAN GENERAL MOTORS',NULL),('3M.204.123','3M.204.123','ARMADURA DE ARRANCADOR 23D',0,70.00,'imagenes/','imagenes/','imagenes/',NULL,NULL,NULL,'imagenes/','imagenes/','SISTEMA DELCO REMY 12V','28 MT  DELCO JAPONES',NULL),('3M.204.124','3M.204.124','ARMADURA DE ARRANCADOR ORIGINAL  23D',0,65.00,'imagenes/','imagenes/','imagenes/',NULL,NULL,NULL,'imagenes/','imagenes/','SISTEMA DELCO REMY 12V ','CHEVROLET SUPER',NULL),('3M.208.011','3M.208.011','ARMADURA DE ARRANCADOR ORIGINAL 29D',0,72.00,'imagenes/','imagenes/','imagenes/',NULL,NULL,NULL,'imagenes/','imagenes/','SISTEMA DUCELLIER 12V','PEUGEOT AUTO Y CAMIONETA MODERNO',NULL),('3M.208.021','3M.208.021','ARMADURA DE ARRANCADOR ORIGINAL 29D',0,72.00,'imagenes/','imagenes/','imagenes/',NULL,NULL,NULL,'imagenes/','imagenes/','SISTEMA DUCELLIER 12V','PEUGEOT AUTO Y CAMIONETA MODERNA',NULL),('3M.301.011','3M.301.011','ARMADURA DE ARRANCADOR ORIGINAL 17D',0,162.00,'imagenes/','imagenes/','imagenes/',NULL,NULL,NULL,'imagenes/','imagenes/','SISTEMA FEMSA 24V','PEGASO DIESEL 1190',NULL),('3M.301.021','3M.301.021','ARMADURA DE ARRANCADOR ORIGINAL 35D',0,158.00,'imagenes/','imagenes/','imagenes/',NULL,NULL,NULL,'imagenes/','imagenes/','SISTEMA FEMSA 24V','PEGASO DIESEL 3041',NULL),('3M.302.011','3M.302.011','ARMADURA DE ARRANCADOR ORIGINAL 19D',0,56.00,'imagenes/','imagenes/','imagenes/',NULL,NULL,NULL,'imagenes/','imagenes/','SISTEMA FIAT 12V ENTRADA RECTA','FIAT 850 AUTO',NULL),('3M.302.021','3M.302.021','ARMADURA DE ARRANCADOR ORIGINAL 19D',0,56.00,'imagenes/','imagenes/','imagenes/',NULL,NULL,NULL,'imagenes/','imagenes/','SISTEMA FIAT 12V ENTRADA CURVA','FIAT 850 AUTO',NULL),('3M.302.041','3M.302.041','ARMADURA DE ARRANCADOR ORIGINAL 19D',0,63.00,'imagenes/','imagenes/','imagenes/',NULL,NULL,NULL,'imagenes/','imagenes/','SISTEMA FIAT 12V','HILLMAN AUTO Y CAMIONETA ESPECIAL',NULL),('3M.302.051','3M.302.051','ARMADURA DE ARRANCADOR ORIGINAL 31D',0,63.00,'imagenes/','imagenes/','imagenes/',NULL,NULL,NULL,'imagenes/','imagenes/','SISTEMA FIAT 12V','FIAT AUTO',NULL),('3M.302.053','3M.302.053','ARMADURA DE ARRANCADOR ORIGINAL 33D',0,295.00,'imagenes/','imagenes/','imagenes/',NULL,NULL,NULL,'imagenes/','imagenes/','SISTEMA FIAT 24V','FIAT DIESEL',NULL),('3M.403.011','3M.403.011','ARMADURA DE ARRANCADOR ORIGINAL 21D',0,43.50,'imagenes/','imagenes/','imagenes/',NULL,NULL,NULL,'imagenes/','imagenes/','SISTEMA HITACHI 12V COLECTOR HUECO','DATSUN AUTO Y CAMIONETA DEL 81 AL 84',NULL),('3M.403.021','3M.403.021','ARMADURA DE ARRANCADOR ORIGINAL  29D',0,43.50,'imagenes/','imagenes/','imagenes/',NULL,NULL,NULL,'imagenes/','imagenes/','SISTEMA HITACHI 12 V','DATSUN AUTO Y CAMIONETA DEL 70 AL 80',NULL),('3M.403.041','3M.403.041','ARMADURA DE ARRANCADOR ORIGINAL 33D',0,48.50,'imagenes/','imagenes/','imagenes/',NULL,NULL,NULL,'imagenes/','imagenes/','SISTEMA HITACHI 12V COLECTOR HUECO','DATSUN NISSAN J18 Z20 Z22',NULL),('3M.403.043','3M.403.043','ARMADURA DE ARRANCADOR ORIGINAL 29D',0,44.50,'imagenes/','imagenes/','imagenes/',NULL,NULL,NULL,'imagenes/','imagenes/','SISTEMA HITACHI 12V COLECTOR HUECO ESPECIAL','NISSAN TICO DAEWOO',NULL),('3M.403.044','3M.403.044','ARMADURA DE ARRANCADOR ORIGINAL 25 D',0,118.00,'imagenes/','imagenes/','imagenes/',NULL,NULL,NULL,'imagenes/','imagenes/','SISTEMA HITACHI 24V','NISSAN DIESEL',NULL),('3M.403.045','3M.403.045','ARMADURA DE ARRANCADOR ORIGINAL 27D',0,120.00,'imagenes/','imagenes/','imagenes/',NULL,NULL,NULL,'imagenes/','imagenes/','SISTEMA HITACHI 12V','NISSAN DIESEL',NULL),('3M.451.011','3M.451.011','ARMADURA DE ARRANCADOR ORIGINAL 17D',0,97.00,'imagenes/','imagenes/','imagenes/',NULL,NULL,NULL,'imagenes/','imagenes/','SISTEMA INDIEL 12V','MASSEY FERGUSON ARGENTINO',NULL),('3M.451.021','3M.451.021','ARMADURA DE ARRANCADOR ORIGINAL 23D',0,97.00,'imagenes/','imagenes/','imagenes/',NULL,NULL,NULL,'imagenes/','imagenes/','SISTEMA INDIEL 12V','MASSEY FERGUSON ARGENTINO FIAT',NULL),('3M.603.011','3M.603.011','ARMADURA DE ARRANCADOR ORIGINAL 27D',0,320.00,'imagenes/','imagenes/','imagenes/',NULL,NULL,NULL,'imagenes/','imagenes/','SISTEMA LEECE NEVILLE 12V','CUMMINS MASA GENERAL MOTORS DETROIT',NULL),('3M.603.021','3M.603.021','ARMADURA DE ARRANCADOR ORIGINAL 27D',0,320.00,'imagenes/','imagenes/','imagenes/',NULL,NULL,NULL,'imagenes/','imagenes/','SISTEMA LEECE NEVILLE 24V','CUMMINS BOLLS ROYCE',NULL),('3M.605.011','3M.605.011','ARMADURA DE ARRANCADOR ORIGINAL 29D',0,62.50,'imagenes/','imagenes/','imagenes/',NULL,NULL,NULL,'imagenes/','imagenes/','SISTEMA LUCAS 12V','HILLMANM FORD ESCORT AUSTIN',NULL),('3M.605.013','3M.605.013','ARMADURA DE ARRANCADOR ORIGINAL 19D',0,62.50,'imagenes/','imagenes/','imagenes/',NULL,NULL,NULL,'imagenes/','imagenes/','SISTEMA LUCAS 12V  FEMSA','HILLMAN AUTO Y CAMIONETA',NULL),('3M.605.021','3M.605.021','ARMADURA DE ARRANCADOR ORIGINAL 29D',0,62.50,'imagenes/','imagenes/','imagenes/',NULL,NULL,NULL,'imagenes/','imagenes/','SISTEMA LUCAS 12V','LAND ROVER CAMIONETAS',NULL),('3M.605.031','3M.605.031','ARMADURA DE ARRANCADOR ORIGINAL 29D',0,62.50,'imagenes/','imagenes/','imagenes/',NULL,NULL,NULL,'imagenes/','imagenes/','SISTEMA LUCAS 12V','FORD ESCORT AUTOS INGLESES',NULL),('3M.605.051','3M.605.051','ARMADURA DE ARRANCADOR ORIGINAL 21D',0,182.00,'imagenes/','imagenes/','imagenes/',NULL,NULL,NULL,'imagenes/','imagenes/','SISTEMA LUCAS 12V','DODGE DP500 MASSEY FERGUSON MISTER',NULL),('3M.605.061','3M.605.061','ARMADURA DE ARRANCADOR ORIGINAL 23D',0,182.00,'imagenes/','imagenes/','imagenes/',NULL,NULL,NULL,'imagenes/','imagenes/','SISTEMA LUCAS 12V 3 ENTRADAS CHICA ESPECIAL','DODGE PERKINS INTERNATIONAL',NULL),('3M.605.071','3M.605.071','ARMADURA DE ARRANCADOR ORIGINAL 21D',0,180.00,'imagenes/','imagenes/','imagenes/',NULL,NULL,NULL,'imagenes/','imagenes/','SISTEMA LUCAS 12V 3 ENTRADAS GRANDE','DODGE DP500 FORSON LISTER',NULL),('3M.605.081','3M.605.081','ARMADURA DE ARRANCADOR ORIGINAL 21D',0,180.00,'imagenes/','imagenes/','imagenes/',NULL,NULL,NULL,'imagenes/','imagenes/','SISTEMA LUCAS 12V 3 ENTRADAS GRANDE ESPECIAL','DODGE DP500 FORSON LISTER',NULL),('3M.605.091','3M.605.091','ARMADURA DE ARRANCADOR ORIGINAL 23D',0,182.00,'imagenes/','imagenes/','imagenes/',NULL,NULL,NULL,'imagenes/','imagenes/','SISTEMA LUCAS12V 3 ENTRADAS CHICA ESPECIAL','DODGE PERKINS INTERNATIONAL',NULL),('3M.651.011','3M.651.011','ARMADURA DE ARRANCADOR ORIGINAL',0,73.50,'imagenes/','imagenes/','imagenes/',NULL,NULL,NULL,'imagenes/','imagenes/','SISTEMA MAGNETI MARELLI 12V','FIAT AUTO Y CAMIONETA',NULL),('3M.651.021','3M.651.021','ARMADURA DE ARRANCADOR ORIGINAL 33D',0,197.00,'imagenes/','imagenes/','imagenes/',NULL,NULL,NULL,'imagenes/','imagenes/','SISTEMA MAGNETO MARELLI 12V','FIAT TRACTOR Y VARIOS',NULL),('3M.651.031','3M.651.031','ARMADURA DE ARRANCADOR ORIGINAL ',0,235.00,'imagenes/','imagenes/','imagenes/',NULL,NULL,NULL,'imagenes/','imagenes/','SISTEMA MAGNETI  MARELLI 24V','FIAT CAMIONES Y OMNIBUSES',NULL),('3M.656.011','3M.656.011','ARMADURA DE ARRANCADOR ORIGINAL 33D',0,48.50,'imagenes/','imagenes/','imagenes/',NULL,NULL,NULL,'imagenes/','imagenes/','SISTEMA MITSUBISHI 12V','MITSUBISHI MAZDA SUZUKI NISSAN',NULL),('3M.656.021','3M.656.021','ARMADURA DE ARRANCADOR ORIGINAL 33D',0,48.50,'imagenes/','imagenes/','imagenes/',NULL,NULL,NULL,'imagenes/','imagenes/','SISTEMA MITSUBISHI 12V','MITSUBISHI MAZDA ISUZU',NULL),('3M.656.031','3M.656.031','ARMADURA DE ARRANCADOR ORIGINAL 33D',0,48.50,'imagenes/','imagenes/','imagenes/',NULL,NULL,NULL,'imagenes/','imagenes/','SISTEMA MITSUBISHI 12V','MAZDA FORD LACER',NULL),('3M.656.062','3M.656.062','ARMADURA DE ARRANCADOR ORIGINAL 29D (+)',0,35.00,'imagenes/','imagenes/','imagenes/',NULL,NULL,NULL,'imagenes/','imagenes/','SISTEMA MITSUBISHI 12V','MITSUBISHI DATSUN',NULL),('3M.657.011','3M.657.011','ARMADURA DE ARRANCADOR ORIGINAL 23D',0,42.00,'imagenes/','imagenes/','imagenes/',NULL,NULL,NULL,'imagenes/','imagenes/','SISTEMA MOTORCRAFT 12V','FORD AUTO Y CAMIONETA DEL 50 AL 60',NULL),('3M.657.021','3M.657.021','ARMADURA DE ARRANCADOR ORIGINAL 25D',0,42.00,'imagenes/','imagenes/','imagenes/',NULL,NULL,NULL,'imagenes/','imagenes/','SISTEMA MOTORCRAFT 12V ANTIGUO','FORD AUTO Y CAMIONETA ',NULL),('3M.657.031','3M.657.031','ARMADURA DE ARRANCADOR ORIGINAL 25D',0,42.00,'imagenes/','imagenes/','imagenes/',NULL,NULL,NULL,'imagenes/','imagenes/','SISTEMA MOTORCRAFT 12V MODERNO','FORD AUTO Y CAMIONETA ',NULL),('3M.657.041','3M.657.041','ARMADURA DE ARRANCADOR ORIGINAL 25D',0,42.00,'imagenes/','imagenes/','imagenes/',NULL,NULL,NULL,'imagenes/','imagenes/','SISTEMA MOTORCRAFT 12V CHICA','FORD AUTO FALCON CUSTON',NULL),('3M.703.051','3M.703.051','ARMADURA DE ARRANCADOR ORIGINAL 29D',0,43.50,'imagenes/','imagenes/','imagenes/',NULL,NULL,NULL,'imagenes/','imagenes/','SISTEMA NIPPODENSO 12V','TOYOTA LAND CRUISER',NULL),('3M.703.061','3M.703.061','ARMADURA DE ARRANCADOR ORIGINAL 29D',0,30.50,'imagenes/','imagenes/','imagenes/',NULL,NULL,NULL,'imagenes/','imagenes/','SISTEMA NIPPODENSO 12V','TOYOTA CORONA 1700 1800 AL 71',NULL),('3M.703.071','3M.703.071','ARMADURA DE ARRANCADOR ORIGINAL 21D',0,43.50,'imagenes/','imagenes/','imagenes/',NULL,NULL,NULL,'imagenes/','imagenes/','SISTEMA NIPPODENSO 12V LARGA','TOYOTA CORONA 2000 DEL 72 AL 84',NULL),('3M.703.081','3M.703.081','ARMADURA DE ARRANCADOR ORIGINAL 33D',0,43.50,'imagenes/','imagenes/','imagenes/',NULL,NULL,NULL,'imagenes/','imagenes/','SISTEMA NIPPODENSO 12V','TOYOTA CORONA 2000 DEL 84 AL 86',NULL),('3M.703.111','3M.703.111','ARMADURA DE ARRANCADOR ORIGINAL 33D',0,48.50,'imagenes/','imagenes/','imagenes/',NULL,NULL,NULL,'imagenes/','imagenes/','SISTEMA NIPPODENSO 12V  IMVERWO','TOYOTA SUBARU SUZUKI',NULL),('3M.703.141','3M.703.141','ARMADURA DE ARRANCADOR ORIGINAL 23D',0,65.00,'imagenes/','imagenes/','imagenes/',NULL,NULL,NULL,'imagenes/','imagenes/','SISTEMA NIPPODENSO 24V  GRANDE','TOYOTA DYNA CUSTER',NULL),('3M.703.142','3M.703.142','ARMADURA DE ARRANCADOR ORIGINAL 23D',0,42.00,'imagenes/','imagenes/','imagenes/',NULL,NULL,NULL,'imagenes/','imagenes/','SISTEMA NIPPODENSO 24V GRANDE','TOYOTA  DYNA CUSTER',NULL),('3M.801.011','3M.801.011','ARMADURA DE ARRANCADOR ORIGINAL 29D',0,72.00,'imagenes/','imagenes/','imagenes/',NULL,NULL,NULL,'imagenes/','imagenes/','SISTEMA PARIS RHONE 12V','PEUGEOT AUTO Y CAMIONETA ANTIGUO',NULL),('3M.801.021','3M.801.021','ARMADURA DE ARRANCADOR ORIGINAL 29D',0,72.00,'imagenes/','imagenes/','imagenes/',NULL,NULL,NULL,'imagenes/','imagenes/','SISTEMA PARIS RHONE 12V','PEUGEOT RENAULT',NULL),('3M.805.011','3M.805.011','ARMADURA DE ARRANCADOR ORIGINAL 23D',0,42.00,'imagenes/','imagenes/','imagenes/',NULL,NULL,NULL,'imagenes/','imagenes/','SISTEMA PRESTOLITE 12V','DODGE DESOTO JEEP',NULL),('3M.805.012','3M.805.012','ARMADURA DE ARRANCADOR ORIGINAL 23D',0,32.00,'imagenes/','imagenes/','imagenes/',NULL,NULL,NULL,'imagenes/','imagenes/','SISTEMA PRESTOLITE 12V','DODGE DESOTO JEEP VIASA',NULL),('3M.805.021','3M.805.021','ARMADURA DE ARRANCADOR ORIGINAL 27D',0,42.00,'imagenes/','imagenes/','imagenes/',NULL,NULL,NULL,'imagenes/','imagenes/','SISTEMA PRESTOLITE 12V','JEEP WILLYS STUDEBAQUER',NULL),('3M.805.031','3M.805.031','ARMADURA DE ARRANCADOR ORIGINAL 25D',0,320.00,'imagenes/','imagenes/','imagenes/',NULL,NULL,NULL,'imagenes/','imagenes/','SISTEMA PRESTOLITE 24V  COLECTOR CHICO','CATERPILLAR 920 930',NULL),('3M.805.041','3M.805.041','ARMADURA DE ARRANCADOR ORIGINAL 25D',0,320.00,'imagenes/','imagenes/','imagenes/',NULL,NULL,NULL,'imagenes/','imagenes/','SISTEMA PRESTOLITE 24V COLECTOR GRANDE','CATERPILLAR 920 930 950',NULL),('3M.805.051','3M.805.051','ARMADURA DE ARRANCADOR ORIGINAL 29D ',0,320.00,'imagenes/','imagenes/','imagenes/',NULL,NULL,NULL,'imagenes/','imagenes/','SISTEMA PRESTOLITE 24V COLECTOR CHICO','CATERPILLAR 920 930',NULL),('3M.805.061','3M.805.061','ARMADURA DE ARRANCADOR ORIGINAL 29D',0,320.00,'imagenes/','imagenes/','imagenes/',NULL,NULL,NULL,'imagenes/','imagenes/','SISTEMA PRESTOLITE 24V COLECTOR GRANDE','CATERPILLAR 920 930 950',NULL),('3M.942.011','3M.942.011','ARMADURA DE ARRANCADOR ORIGINAL 23D',0,57.00,'imagenes/','imagenes/','imagenes/',NULL,NULL,NULL,'imagenes/','imagenes/','SISTEMA VOLKSWAGEN 12V','VOLKSWAGEN DEL 61 AL 63',NULL),('3M.942.021','3M.942.021','ARMADURA DE ARRANCADOR ORIGINAL 23D',0,57.00,'imagenes/','imagenes/','imagenes/',NULL,NULL,NULL,'imagenes/','imagenes/','SISTEMA VOLKSWAGEN 12V','VOLKSWAGEN DEL 71 AL 73',NULL),('3M.951.011','3M.951.011','ARMADURA DE ARRANCADOR ORIGINAL 27D',0,86.00,'imagenes/','imagenes/','imagenes/',NULL,NULL,NULL,'imagenes/','imagenes/','SISTEMA WAPSA 12V','FORD DODGE CHEVROLET BRASILEROS',NULL),('3M.951.061','3M.951.061','ARMADURA DE ARRANCADOR ORIGINAL 23D',0,85.00,'imagenes/','imagenes/','imagenes/',NULL,NULL,NULL,'imagenes/','imagenes/','SISTEMA WAPSA 12V','PERKINS VALMET',NULL),('3M.951.068','3M.951.068','ARMADURA DE ARRANCADOR ORIGINAL 27D',0,108.00,'imagenes/','imagenes/','imagenes/',NULL,NULL,NULL,'imagenes/','imagenes/','SISTEMA NIKKO 24V','NIKKO',NULL),('3M.951.069','3M.951.069','ARMADURA DE ARRANCADOR ORIGINAL 23D',0,32.00,'imagenes/','imagenes/','imagenes/',NULL,NULL,NULL,'imagenes/','imagenes/','SISTEMA NIPPODENSO 12V','TOYOTA YARIS',NULL),('3M.951.071','3M.951.071','ARMADURA DE ARRANCADOR ORIGINAL 29D',0,38.00,'imagenes/','imagenes/','imagenes/',NULL,NULL,NULL,'imagenes/','imagenes/','SISTEMA MITSUBISHI 12V','MITSUBISHI',NULL),('3N.101.011','3N.101.011','CAMPOS DE ARRANCADOR BNG IMPULSORES ORIGINAL',0,73.30,'imagenes/','imagenes/','imagenes/',NULL,NULL,NULL,'imagenes/','imagenes/','BOSCH 12V','MERCEDES BENZ PERKINS LISTER',''),('3N.101.012','3N.101.012','CAMPOS DE ARRANCADOR BNG IMPULSORES',0,21.25,'imagenes/','imagenes/','imagenes/',NULL,NULL,NULL,'imagenes/','imagenes/','BOSCH 12V','MERCEDES BENZ PERKINS LISTER',''),('5A.101.051','5A.101.051','AISLANTE DE ARRANCADOR VOLANDABPD-BNG',0,2.15,'imagenes/','imagenes/','imagenes/',NULL,NULL,NULL,'imagenes/','imagenes/','BOSCH 12-24V','VOLVO SCANIA FIAT PEGASO',NULL),('5A.101.061','5A.101.061','AISLANTE DE ARRANCADOR TUBO BPD-BNG',0,2.15,'imagenes/','imagenes/','imagenes/',NULL,NULL,NULL,'imagenes/','imagenes/','BOSCH 12-24V','VOLVO SCANIA FIAT PEGASO',NULL),('5A.153.011','5A.153.011','AISLANTE DE ARRANCADOR EXTERNO',0,1.10,'imagenes/','imagenes/','imagenes/',NULL,NULL,NULL,'imagenes/','imagenes/','CAV 12-24V','DODGE DP500 FORDSON LISTER',NULL),('5A.153.021','5A.153.021','AISLANTE DE ARRANCADOR INTERNO',0,1.10,'imagenes/','imagenes/','imagenes/',NULL,NULL,NULL,'imagenes/','imagenes/','CAV 12V - 24V','DODGE DP500 FORDSON LISTER',NULL),('5L.101.011','5L.101.011','ARANDELA DE RETEN DE ARRANCADOR BNG-BPD',0,1.80,'imagenes/','imagenes/','imagenes/',NULL,NULL,NULL,'imagenes/','imagenes/','SISTEMA BOSCH 12-24V','VOLVO SCANIA FIAT PEGASO',NULL),('61-118  WAI','3M.204.125','ARMADURA DE ARRANCADOR 29D',0,85.60,'imagenes/','imagenes/','imagenes/',NULL,NULL,NULL,'imagenes/','imagenes/','SISTEMA DELCO REMY 12V','CAT 27 MT',NULL),('61-121  WAI','3M.204.031','ARMADURA DE ARRANCADOR ORIGINAL 25D',0,88.00,'imagenes/','imagenes/','imagenes/',NULL,NULL,NULL,'imagenes/','imagenes/','SISTEMA DELCO REMY 24V COLECTOR GRANDE ','42 MT CATERPILLAR 3208 GENERAL MOTORS',NULL),('61-133  WAI','3M.204.102','ARMADURA DE ARRANCADOR ORIGINAL 23D',0,145.00,'imagenes/','imagenes/','imagenes/',NULL,NULL,NULL,'imagenes/','imagenes/','SISTEMA DELCO REMY 12V','JOHN DEERE',NULL),('61-143  WAI','3M.204.126','ARMADURA DE ARRANCADOR 29D',0,96.00,'imagenes/','imagenes/','imagenes/',NULL,NULL,NULL,'imagenes/','imagenes/','SISTEMA DELCO REMY 12V','CAT 41MT',NULL),('61-144  WAI','3M.204.127','ARMADURA DE ARRANCADOR 29D',0,97.00,'imagenes/','imagenes/','imagenes/',NULL,NULL,NULL,'imagenes/','imagenes/','SISTEMA DELCO REMY 24V','CAT 41MT',NULL),('61-150  WAI','3M.204.103','ARMADURA DE ARRANCADOR 21D',0,81.00,'imagenes/','imagenes/','imagenes/',NULL,NULL,NULL,'imagenes/','imagenes/','SISTEMA DELCO REMY 12V','38MT  CHEVROLET AUTO Y CAMIONETA MODERNO',NULL),('61-151  WAI','3M.204.121','ARMADURA DE ARRANCADOR ORIGINAL 21D',0,80.00,'imagenes/','imagenes/','imagenes/',NULL,NULL,NULL,'imagenes/','imagenes/','SISTEMA DELCO REMY 12V ','KUMMINS  CAT  39MT',NULL),('61-152  WAI','3M.204.111','ARMADURA DE ARRANCADOR ORIGINAL 21D',0,0.00,'imagenes/','imagenes/','imagenes/',NULL,NULL,NULL,'imagenes/','imagenes/','SISTEMA DELCO REMY 24V','39MT  KUMMINS  CAT',NULL),('61-160   WAI','3M.204.071','ARMADURA DE ARRANCADOR ORIGINAL',0,81.00,'imagenes/','imagenes/','imagenes/',NULL,NULL,NULL,'imagenes/','imagenes/','SISTEMA DELCO REMY 24V','38 MT  MICHIGAN GENERAL MOTORS',NULL),('61-210  WAI','3M.657.051','ARMADURA DE ARRANCADOR ORIGINAL 25D',0,35.00,'imagenes/','imagenes/','imagenes/',NULL,NULL,NULL,'imagenes/','imagenes/','SISTEMA MOTORCRAFT 12V CHICA','FORD AUTO Y CAMIONETA MODERNO',NULL),('61-215  WAI','3M.951.070','ARMADURA DE ARRANCADOR ORIGINAL 23D',0,38.00,'imagenes/','imagenes/','imagenes/',NULL,NULL,NULL,'imagenes/','imagenes/','SISTEMA FORD 12V','FORD SCORT EUROPEO',NULL),('61-8100  WAI','3M.403.046','ARMADURA DE ARRANCADOR 21D',0,37.00,'imagenes/','imagenes/','imagenes/',NULL,NULL,NULL,'imagenes/','imagenes/','SISTEMA HIRACHI 12V','NISSAN AD',NULL),('61-8106  WAI','3M.403.047','ARMADURA DE ARRANCADOR 27D',0,42.00,'imagenes/','imagenes/','imagenes/',NULL,NULL,NULL,'imagenes/','imagenes/','SISTEMA HITACHI 12V','NISSAN TD 27',NULL),('61-8110  WAI','3M.403.048','ARMADURA DE ARRANCADOR 25D',0,43.00,'imagenes/','imagenes/','imagenes/',NULL,NULL,NULL,'imagenes/','imagenes/','SISTEMA HITACHI 24V','NISSAN FULL CONDOR',NULL),('61-8117  WAI','3M.403.051','ARMADURA DE ARRANCADOR ORIGINAL 27D',0,43.00,'imagenes/','imagenes/','imagenes/',NULL,NULL,NULL,'imagenes/','imagenes/','SISTEMA HITACHI 12V','NISSAN TD 27',NULL),('61-8202  WAI','3M.703.011','ARMADURA DE ARRANCADOR ORIGINAL 21D',0,32.00,'imagenes/','imagenes/','imagenes/',NULL,NULL,NULL,'imagenes/','imagenes/','SISTEMA NIPPODENSO 12V','TOYOTA SUBARU HONDA',NULL),('61-8203  WAI','3M.703.131','ARMADURA DE ARRANCADOR ORIGINAL 23D',0,47.00,'imagenes/','imagenes/','imagenes/',NULL,NULL,NULL,'imagenes/','imagenes/','SISTEMA NIPPODENSO 12V  GRANDE','TOYOTA HYACE DYNA',NULL),('61-8207  WAI','3M.703.041','ARMADURA DE ARRANCADOR ORIGINAL 23D',0,80.00,'imagenes/','imagenes/','imagenes/',NULL,NULL,NULL,'imagenes/','imagenes/','SISTEMA NIPPODENSO 12V','TOYOTA COASTER DYNA',NULL),('61-8302  WAI  A-07-025-026','3M.656.066','ARMADURA DE ARRANCADOR ORIGINAL 25D',0,50.00,'imagenes/','imagenes/','imagenes/',NULL,NULL,NULL,'imagenes/','imagenes/','SISTEMA MITSUBISHI 12V (+)','MITSUBISHI FUSO',NULL),('61-8302  WAI  A07-025-026','3M.656.066','ARMADURA DE ARRANCADOR ORIGINAL 25D',0,50.00,'imagenes/','imagenes/','imagenes/',NULL,NULL,NULL,'imagenes/','imagenes/','SISTEMA MITSUBISHI 12V','MITSUBISHI FUSO',NULL),('61-8303  WAI','3M.656.041','ARMADURA DE ARRANCADOR ORIGINAL 25D',0,35.00,'imagenes/','imagenes/','imagenes/',NULL,NULL,NULL,'imagenes/','imagenes/','SISTEMA MITSUBISHI 12V','MITSUBISHI CANTER FORD TRADER',NULL),('61-8310  WAI','3M.656.072','ARMADURA DE ARRANCADOR ORIGINAL 21D',0,31.00,'imagenes/','imagenes/','imagenes/',NULL,NULL,NULL,'imagenes/','imagenes/','SISTEMA MITSUBISHI 12V (+)','NISSAN PLAYMONTH',NULL),('61-8312  WAI','3M.951.065','ARMADURA DE ARRANCADOR ORIGINAL 25D',0,49.00,'imagenes/','imagenes/','imagenes/',NULL,NULL,NULL,'imagenes/','imagenes/','SISTEMA MITSUBISHI 12V','NISSAN VANETE LD20',NULL),('61-8313  WAI','3M.951.074','ARMADURA DE ARRANCADOR 29D',0,42.00,'imagenes/','imagenes/','imagenes/',NULL,NULL,NULL,'imagenes/','imagenes/','SISTEMA MITSUBISHI 12V','NISSAN AD GA 15',NULL),('61-8401','3M.204.122','ARMADURA DE ARRANCADOR 23D',0,52.00,'imagenes/','imagenes/','imagenes/',NULL,NULL,NULL,'imagenes/','imagenes/','SISTEMA DELCO REMY 24V','DELCO JAPONES MAQUINARIAS',NULL),('61-91095','3M.101.133','ARMADURA DE ARRANCADOR EJD (+)',0,64.50,'imagenes/','imagenes/','imagenes/',NULL,NULL,NULL,'imagenes/','imagenes/','SPARTA 24V','VOLVO N7 B57 PENTA DEUTZ',NULL),('61-9110-5','3M.101.134','ARMADURA DE ARRANCADOR EJD ORIGINAL DESLIZANTE GRANDE',0,64.50,'imagenes/','imagenes/','imagenes/',NULL,NULL,NULL,'imagenes/','imagenes/','SPARTA 12V','VOLVO N7 B57 PENTA DEUTZ',NULL),('61-9125','3M.101.253','ARMADURA DE ARRANCADOR ORIGINAL (ENTRADA FINA) 23 DELGAS',0,34.00,'imagenes/','imagenes/','imagenes/',NULL,NULL,NULL,'imagenes/','imagenes/','WAI 12V','VW COL PASSAT MODERNO',NULL),('61-9125  WAI','3M.403.052','ARMADURA DE ARRANCADOR ORIGINAL 29D',0,110.00,'imagenes/','imagenes/','imagenes/',NULL,NULL,NULL,'imagenes/','imagenes/','SISTEMA HITACHI 12V (+)','HITACHI NISSAN',NULL),('61-9129  WAI','3M.951.073','ARMADURA DE ARRANCADOR 28D',0,40.00,'imagenes/','imagenes/','imagenes/',NULL,NULL,NULL,'imagenes/','imagenes/','SISTEMA BOSCH 12V','NISSAN',NULL),('61-9134  WAI','3M.801.031','ARMADURA DE ARRANCADOR ORIGINAL 13D',0,39.00,'imagenes/','imagenes/','imagenes/',NULL,NULL,NULL,'imagenes/','imagenes/','SISTEMA PARIS RHONE 12V','RENAULT CAMIONES Y OMNIBUSES',NULL),('61-9205  COREANO','3M.605.041','ARMADURA DE ARRANCADOR ORIGINAL 21D',0,60.00,'imagenes/','imagenes/','imagenes/',NULL,NULL,NULL,'imagenes/','imagenes/','SISTEMA LUCAS 12V CURVO CORTO','DODGE DP500 MASSEY FERGUSON MISTER',NULL),('618113  WAI','3M.403.049','ARMADURA DE ARRANCADOR 29D',0,30.00,'imagenes/','imagenes/','imagenes/',NULL,NULL,NULL,'imagenes/','imagenes/','SISTEMA HITACHI 12V','NISSAN',NULL),('618114  WAI','3M.403.050','ARMADURA DE ARRANCADOR 29D',0,30.00,'imagenes/','imagenes/','imagenes/',NULL,NULL,NULL,'imagenes/','imagenes/','SISTEMA HITACHI 12V','NISSAN',NULL),('618119 WAI','3M.403.042','ARMADURA DE ARRANCADOR ORIGINAL 33D',0,54.00,'imagenes/','imagenes/','imagenes/',NULL,NULL,NULL,'imagenes/','imagenes/','SISTEMA HITACHI 12V  COLECTOR HUECO CHICO','NISSAN DIESEL Z20',NULL),('618207  COREANO','3M.703.121','ARMADURA DE ARRANCADOR ORIGINAL 23D',0,43.00,'imagenes/','imagenes/','imagenes/',NULL,NULL,NULL,'imagenes/','imagenes/','SISTEMA NIPPODENSO 12V','TOYOTA HONDA',NULL),('618314  WAI','3M.656.063','ARMADURA DE ARRANCADOR  23D',0,50.00,'imagenes/','imagenes/','imagenes/',NULL,NULL,NULL,'imagenes/','imagenes/','SISTEMA MITSUBISHI 24V','MITSUBISHI FUSO',NULL),('618317  wai','3M.656.064','ARMADURA DE ARRANCADOR 29D',0,35.00,'imagenes/','imagenes/','imagenes/',NULL,NULL,NULL,'imagenes/','imagenes/','SISTEMA MITSUBISHI 12V','NISSAN PATHFIEDER',NULL),('619112','3M.101.081','ARMADURA DE ARRANCADOR KB ORIGINAL 29 DELGAS',0,105.00,'imagenes/','imagenes/','imagenes/',NULL,NULL,NULL,'imagenes/','imagenes/','SISTEMA BOSCH WAI 24V','MAGYRUS DEUTZ JARVIS CLARK JS350',NULL),('619114','3M.101.202','ARMADURA DE ARRANCADOR ORIGINAL (3 ENTRADAS9 29 DELGAS',0,96.00,'imagenes/','imagenes/','imagenes/',NULL,NULL,NULL,'imagenes/','imagenes/','WAI 12V','VOLVO BMW FH',NULL),('6A-37','3M.656.069','ARMADURA DE ARRANCADOR ORIGINAL25D',0,42.00,'imagenes/','imagenes/','imagenes/',NULL,NULL,NULL,'imagenes/','imagenes/','SISTEMA MITSUBISHI 24V','MITSUBISHI',NULL),('71-1310 WAI','5A.603.023','AISLANTE DE ARRANCADOR DE CAMPO',0,2.80,'imagenes/','imagenes/','imagenes/',NULL,NULL,NULL,'imagenes/','imagenes/','SISTEMA DELCO REMY 12-24 V','37 MT CAT',NULL),('72-1106  WAI','5A.603.026','AISLANTE DE ARRANCADOR CAMPOS',0,3.00,'imagenes/','imagenes/','imagenes/',NULL,NULL,NULL,'imagenes/','imagenes/','SISTEMA DELCO REMY 12-24 V',' 37MT 41MT 42MT CAT',NULL),('72-1400  WAI','5A.603.024','AISLANTE DE ARRANCADOR DE CAMPO',0,2.85,'imagenes/','imagenes/','imagenes/',NULL,NULL,NULL,'imagenes/','imagenes/','SISTEMA DELCO REMY 12-24V ','37MT H1 42MT CAT',NULL),('72-1400 WAI','5A.603.022','AISLANTE DE ARRANCADOR DE CAMPOS',0,2.90,'imagenes/','imagenes/','imagenes/',NULL,NULL,NULL,'imagenes/','imagenes/','SISTEMA DELCO REMY 12-24V ','37MT 42MT CAT',NULL),('73401','5A.603.021','AISLANTE DE ARRANCADOR SELENOIDE',0,2.35,'imagenes/','imagenes/','imagenes/',NULL,NULL,NULL,'imagenes/','imagenes/','SISTEMA LEECE NEVILLE 12-24 V','CUMMINS NASA GENERAL MOTORS',NULL),('77467','5A.603.011','AISLANTE DE ARRANCADOR SELENOIDE',0,2.35,'imagenes/','imagenes/','imagenes/',NULL,NULL,NULL,'imagenes/','imagenes/','SISTEMA LEECE NEVILLE 12-24 V','CUMMINS MASA GENERAL MOTORS',NULL),('81 466 022','3M.101.062','ARMADURA DE ARRANCADOR KB(+) CHICA 29 DELGAS',0,179.00,'imagenes/','imagenes/','imagenes/',NULL,NULL,NULL,'imagenes/','imagenes/','MONARK 24V','VOLVO SACANIA FIAT MERCEDES BENZ',NULL),('84 059 111','3M.101.132','ARMADURA DE ARRANCADOR EJD (+)',0,72.50,'imagenes/','imagenes/','imagenes/',NULL,NULL,NULL,'imagenes/','imagenes/','MONARK 24V','VOLVO B57 PENTA DEUTZ',NULL),('84 059 112','3M.101.122','ARMADURA DE ARRANCADOR EJD (+)',0,210.00,'imagenes/','imagenes/','imagenes/',NULL,NULL,NULL,'imagenes/','imagenes/','SISTEMNA BOSCH 12V MONARK','PERKINS VOLVO PENTA FIAT',NULL),('84 060 151','3M.101.053','ARMADURA DE ARRANCADOR KB (+)',0,186.00,'imagenes/','imagenes/','imagenes/',NULL,NULL,NULL,'imagenes/','imagenes/','SISTEMA BOSCH  24V ','VOLVO SCANIA FIAT CATERPILLAR',NULL),('9.001.082.045','3M.101.261','ARMADURA DE ARRANCADOR ORIGINAL (3 ENTRADAS) 23 DELGAS',0,57.00,'imagenes/','imagenes/','imagenes/',NULL,NULL,NULL,'imagenes/','imagenes/','SISTEMA BOSCH 12V','VW DEL 72 AL 75',NULL),('9.001.082.158','3M.101.271','ARMADURA DE ARRANCADOR ORIGINAL 33 DELGAS',0,46.00,'imagenes/','imagenes/','imagenes/',NULL,NULL,NULL,'imagenes/','imagenes/','SISTEMA BOSCH 12V','VW DEL 72 AL 83',NULL),('9.001.082.321','3M.101.221','ARMADURA DE ARRANCADOR ORIGINAL COLECTOR CHICO 23 DELGAS',0,63.00,'imagenes/','imagenes/','imagenes/',NULL,NULL,NULL,'imagenes/','imagenes/','SISTEMA BOSCH 12V','FORD CORCEL DEL REY VW PASSAT AMAZON',NULL),('9.001.082.469','3M.101.281','ARMADURA DE ARRANCADOR ORIGINAL (COLECTOR CHICO) 33 DELGAS',0,46.00,'imagenes/','imagenes/','imagenes/',NULL,NULL,NULL,'imagenes/','imagenes/','SISTEMA BOSCH 12V','VW DEL 83 AL 88',NULL),('9.001.082.508','3A.101.011','ACCESORIO DE REPARACION DE ARRANCADOR ORIGINAL',0,2.95,'imagenes/','imagenes/','imagenes/',NULL,NULL,NULL,'imagenes/','imagenes/','SISTEMA BOSCH 12-24V  VARIOS','VOLKSWAGEN ESCARABAJO AMAZON',NULL),('9.001.082.63','3M.101.253','ARMADURA DE ARRANCADOR ORIGINAL (ENTRADA FINA)',0,34.00,'imagenes/','imagenes/','imagenes/',NULL,NULL,NULL,'imagenes/','imagenes/','SISTEMA BOSCH 12V','VW COL PASSAT MODERNO',NULL),('9.001.083.045','3M.101.141','ARMADURA DE ARRANCADOR JF ORIGINAL (3 ENTRADAS)',0,112.00,'imagenes/','imagenes/','imagenes/',NULL,NULL,NULL,'imagenes/','imagenes/','SISTEMA BOSCH 12V','DODGE DP300 PERKINS ANTIGUO',NULL),('9.001.083.238','3A.101.071','ACCESORIO DE REPARACION DE ARRANCADOR ORIGINAL',0,8.20,'imagenes/','imagenes/','imagenes/',NULL,NULL,NULL,'imagenes/','imagenes/','SISTEMA BOSCH 12-24V HORQUILLA','DODGE DP300 DEUTZ ANTIGUO',NULL),('9.001.083.243','3A.101.051','ACCESORIO DE REPARACION DE ARRANCADOR ORIGINAL',0,8.20,'imagenes/','imagenes/','imagenes/',NULL,NULL,NULL,'imagenes/','imagenes/','SISTEMA BOSCH 12-24V HORQUILLA','DODGE DP300 DEUTZ ANTIGUO',NULL),('9.001.083.307','3A.101.061','ACCESORIO DE REPARACION DE ARRANCADOR ORIGINAL',0,8.20,'imagenes/','imagenes/','imagenes/',NULL,NULL,NULL,'imagenes/','imagenes/','SISTEMA BOSCH 12-24V HORQUILLA','DODGE DP300 DEUTZ ANTIGUO',NULL),('9.001.083.327','3M.101.151','ARMADURA DE ARRANCADOR JF ORIGINAL (ENTYRADA FINA)',0,112.00,'imagenes/','imagenes/','imagenes/',NULL,NULL,NULL,'imagenes/','imagenes/','SISTEMA BOSCH 12V','DODGE DP300 PERKINS MASSEY FERGUSON',NULL),('9.001.083.350','5A.101.011','AISLANTE DE ARRANCADOR SALIDA DE CAMPO JF',0,1.20,'imagenes/','imagenes/','imagenes/',NULL,NULL,NULL,'imagenes/','imagenes/','SISTEMA BOSCH 12-24V','DODGE DP300 MASSEY FERGUSON',NULL),('9.001.083.388','3A.101.081','ACCESORIO DE REPARACION DE ARRANCADOR ORIGINAL',0,6.85,'imagenes/','imagenes/','imagenes/',NULL,NULL,NULL,'imagenes/','imagenes/','SISTEMA BOSCH 12-24V RETENES','DDODGE DP300 DEUTZ ANTIGUO',NULL),('9.001.083.425','5A.101.021','AISLANTE DE ARRANCADOR CARBON DE CAMPO JF',0,1.20,'imagenes/','imagenes/','imagenes/',NULL,NULL,NULL,'imagenes/','imagenes/','SISTEMA BOSCH 12-24V','DODGE DP300 MASSEY FERGUSON',NULL),('9.001.083.498','3M.101.161','ARMADURA DE ARRANCADOR JF ORIGINAL (ENTRADA FINA )',0,148.00,'imagenes/','imagenes/','imagenes/',NULL,NULL,NULL,'imagenes/','imagenes/','SISTEMA BOSCH 24V','PERKINS DEUTZ',NULL),('9.001.083.538','3A.101.091','ACCESORIO DE REPARACION DE ARRANCADOR ORIGINAL',0,6.70,'imagenes/','imagenes/','imagenes/',NULL,NULL,NULL,'imagenes/','imagenes/','SISTEMA BOSCH 12-24V ','DODGE DP300 MASSEY FERGUSON',NULL),('9.001.083.540','3A.101.031','ACCESORIO DE REPARACION DE ARRANCADOR ORIGINAL',0,3.80,'imagenes/','imagenes/','imagenes/',NULL,NULL,NULL,'imagenes/','imagenes/','SISTEMA BOSCH 12-24V  PERNO CAMPO','DODGE DP300 DEUTZ ANTIGUO',NULL),('9.001.083.541','3A.101.041','ACCESORIO DE REPARACION DE ARRANCADOR ORIGINAL',0,2.95,'imagenes/','imagenes/','imagenes/',NULL,NULL,NULL,'imagenes/','imagenes/','SISTEMA BOSCH 12-24V','DODGE DP300 DEUTZ ANTIGUO',NULL),('9.001.085.207','3A.101.021','ACCESORIO DE REPARACION DE ARRANCADOR ORIGINAL',0,4.80,'imagenes/','imagenes/','imagenes/',NULL,NULL,NULL,'imagenes/','imagenes/','SISTEMA BOSCH 12-24V HORQUILLA','VOLKSWAGEN ESCARABAJO AMAZON',NULL),('9.968.605.801','5A.101.031','AISLANTE DE ARRANCADOR  VOLANDA KB',0,1.40,'imagenes/','imagenes/','imagenes/',NULL,NULL,NULL,'imagenes/','imagenes/','SISTEMA BIOSCH 12-24 V','VOLVO SCANIA FIAT CATERPILLAR',NULL),('91-8208  WAI','3M.703.101','ARMADURA DE ARRANCADOR ORIGINAL 23D',0,60.00,'imagenes/','imagenes/','imagenes/',NULL,NULL,NULL,'imagenes/','imagenes/','SISTEMA  NIPPODENSO 24V','TOYOTA DIESEL',NULL),('A-07-025-211HM','3M.656.032','ARMADURA DE ARRANCADOR ORIGINAL 21D',0,38.00,'imagenes/','imagenes/','imagenes/',NULL,NULL,NULL,'imagenes/','imagenes/','SISTEMA MITSUBISHI 12V','MAZDA NISSAN HYUNDAI EXEL',NULL),('AM-106B548','3M.153.012','ARMADURA DE ARRANCADOR (+) MITSUBISHI 21 DELGAS',0,48.00,'imagenes/','imagenes/','imagenes/',NULL,NULL,NULL,'imagenes/','imagenes/','SISTEMA CAV 12V (WOODAUTO) WA-375','DODGE DP500 PERKINS FORDSON LISTER',NULL),('AM-2311','3M.101.251','ARMADURA DE ARRANCADOR ORIGINAL (ENTRADA FINA) 23 DELGAS',0,63.00,'imagenes/','imagenes/','imagenes/',NULL,NULL,NULL,'imagenes/','imagenes/','UNIPOINT  24V','DEUZ KAT',NULL),('CH-01   083-20','3M.951.075','ARMADURA DE ARRANCADOR 23D',0,56.00,'imagenes/','imagenes/','imagenes/',NULL,NULL,NULL,'imagenes/','imagenes/','SISTEMA MITSUBISHI 24V','VOLVO-FUSO',NULL),('CH-07   -4-100AR11','3M.302.031','ARMADURA DE ARRANCADOR ORIGINAL 19D',0,40.00,'imagenes/','imagenes/','imagenes/',NULL,NULL,NULL,'imagenes/','imagenes/','SISTEMA VALEO 12V','NISSAN H10',NULL),('FG 2403','3M.656.067','ARMADURA DE ARRANCADOR ORIGINAL 21D',0,55.00,'imagenes/','imagenes/','imagenes/',NULL,NULL,NULL,'imagenes/','imagenes/','SISTEMA MITSUBISHI 24V (+)','MITSUBISHI ESPECIAL',NULL),('FG-2403  a-07-025-021','3M.656.067','ARMADURA DE ARRANCADOR ORIGINAL 21D',0,55.00,'imagenes/','imagenes/','imagenes/',NULL,NULL,NULL,'imagenes/','imagenes/','SISTEMA MITSUBISHI 24V (+) ','MITSUBISHI ESPECIAL',NULL),('G1-200.9  WAI','3M.657.043','ARMADURA DE ARRANCADOR ORIGINAL 25D',0,72.30,'imagenes/','imagenes/','imagenes/',NULL,NULL,NULL,'imagenes/','imagenes/','SISTEMA MOTORCRAFT 12V','FORD AUTO MODERNO',NULL),('G1-203  WAI','3M.657.061','ARMADURA DE ARRANCADOR ORIGINAL 25D',0,65.00,'imagenes/','imagenes/','imagenes/',NULL,NULL,NULL,'imagenes/','imagenes/','SISTEMA MOTORCRAFT 12V ','FORD AUTO Y CAMIONETA',NULL),('G1-210  WAI','3M.657.042','ARMADURA DE ARRANCADOR ORIGINAL 28D',0,40.00,'imagenes/','imagenes/','imagenes/',NULL,NULL,NULL,'imagenes/','imagenes/','SISTEMA MOTORCRAFT 12V','FORD AUTO Y CAMIONETA',NULL),('JBA-002','3M.656.075','ARMADURA DE ARRANCADOR ORIGINAL 20D',0,35.00,'imagenes/','imagenes/','imagenes/',NULL,NULL,NULL,'imagenes/','imagenes/','SISTEMA NIPPODENSO 12V (+)','TOYOTA ESTARLI 4E 5E',NULL),('KLW00043','3M.101.091','ARMADURA DE ARRANCADOR MEDIANO 29 DELGAS',0,90.00,'imagenes/','imagenes/','imagenes/',NULL,NULL,NULL,'imagenes/','imagenes/','SISTEMA BOSCH 24V COREANO','VOLVO PENTA ',NULL),('KLW00044','3M.101.101','ARMADURA DE ARRANCADOR GRANDE 29 DELGAS',0,95.00,'imagenes/','imagenes/','imagenes/',NULL,NULL,NULL,'imagenes/','imagenes/','SISTEMA BOSCH 24V COREANO','CATERPILLAR D6C FIAT ESPECIAL',NULL),('M-8088','3M.951.031','ARMADURA DE ARRANCADOR ORIGINAL 27D',0,35.00,'imagenes/','imagenes/','imagenes/',NULL,NULL,NULL,'imagenes/','imagenes/','SISTEMA HITACHI 12V','VOLKSWAGEN AMAZON PASSAT',NULL),('N106X29371','3M.656.051','ARMADURA DE ARRANCADOR ORIGINAL 25D',0,39.00,'imagenes/','imagenes/','imagenes/',NULL,NULL,NULL,'imagenes/','imagenes/','SISTEMA MITSUBISHI 24V','MITSUBISHI CANTER FUSO',NULL),('P-3809','3M.656.052','ARMADURA DE ARRANCADOR ORIGINAL (+) 25D',0,37.00,'imagenes/','imagenes/','imagenes/',NULL,NULL,NULL,'imagenes/','imagenes/','SISTEMA MITSUBISHI 24V','MITSUBISHI CANTER FUZO',NULL),('T-1  WAI','5A.603.025','KIT DE REPARACION COMPLETO',0,12.00,'imagenes/','imagenes/','imagenes/',NULL,NULL,NULL,'imagenes/','imagenes/','SISTEMA DELCO REMY 12-24 V','40MT 42MT CAT',NULL),('WA-557  WOODAUTO','3M.605.032','ARMADURA DE ARRANCADOR  (+) 29D',0,62.50,'imagenes/','imagenes/','imagenes/',NULL,NULL,NULL,'imagenes/','imagenes/','SISTEMA LUCAS 12V','FORD ESCORT AUTOS INGLESES',NULL),('WA-558 WOODAUTO','3M.605.012','ARMADURA DE ARRANCADOR ORIGINAL (+) 29D',0,62.50,'imagenes/','imagenes/','imagenes/',NULL,NULL,NULL,'imagenes/','imagenes/','SISTEMA LUCAS 12V COLECTOR PLANO','HILLMAN AUTO Y CAMIONETA DEL 71 AL 74',NULL),('WA-561 WOODAUTO','3M.605.042','ARMADURA DE ARRANCADOR ORIGINAL (+) 21D',0,108.00,'imagenes/','imagenes/','imagenes/',NULL,NULL,NULL,'imagenes/','imagenes/','SISTEMA LUCAS 12V E.F.GRANDE MEDIO CURVO','DODGE DP500 MASSEY FERGUSON MISTER',NULL);
/*!40000 ALTER TABLE `articulos` ENABLE KEYS */;
UNLOCK TABLES;

--
-- Table structure for table `clientes`
--

DROP TABLE IF EXISTS `clientes`;
/*!40101 SET @saved_cs_client     = @@character_set_client */;
/*!40101 SET character_set_client = utf8 */;
CREATE TABLE `clientes` (
  `id_clientes` int(11) NOT NULL AUTO_INCREMENT,
  `rz_social` varchar(200) DEFAULT NULL,
  `direccion` varchar(160) DEFAULT NULL,
  `ruc` varchar(11) DEFAULT NULL,
  `telefono` varchar(10) DEFAULT NULL,
  `tx_nombre` varchar(250) DEFAULT NULL,
  `tx_apellidos` varchar(100) DEFAULT NULL,
  PRIMARY KEY (`id_clientes`),
  UNIQUE KEY `id_clientes_UNIQUE` (`id_clientes`)
) ENGINE=InnoDB AUTO_INCREMENT=20 DEFAULT CHARSET=latin1;
/*!40101 SET character_set_client = @saved_cs_client */;

--
-- Dumping data for table `clientes`
--

LOCK TABLES `clientes` WRITE;
/*!40000 ALTER TABLE `clientes` DISABLE KEYS */;
INSERT INTO `clientes` VALUES (6,'GRIFO SAN ALVAREZ','MARISCAL CASTILLA 2540','20489568317','450182','ALEX','PINTO MONTES'),(10,'IMPRENTA MUOZ','Av. El Sol A.S.A','52896354781','425879','Juan ','Aguilar Nuez'),(12,'LABORATORIO MUOZ','calles los jazmines 112','10417826251','243098','vicky daniela','barrios'),(13,'ESTUDIO CONTABLE MUIZ','Calle Ayarza 2000 Cerro Juli','10584796321','204875','Alberto Andrade','Perez Alaibal'),(14,'GUSTAV S.A','LAS TORRES LL-11','46244684123','4258899','GUSTAVO FAPERO','CONDORI PILCO'),(16,'COMERCIAL AUSTRAL S.C.R.L.','AV. MARICAL CASTILLA NRO. 909A (1 CUADRA ARRIBA DEL OVALO MARISCAL CASTI) AREQUIPA - AREQUIPA - MARIANO MELGAR','20455024901','','',''),(17,'AGUILAR CARRIZALES ROBERT ELIO','AV. LAS TORRES MZA. AREQUIPA - AREQUIPA - ALTO SELVA ALEGRE','10429257226','','ROBERT ELIO','AGUILAR CARRIZALES'),(19,'JAMES RODRIGUEZ','Las TORRES 1024','10429533758','258469','James ','Rodriguez');
/*!40000 ALTER TABLE `clientes` ENABLE KEYS */;
UNLOCK TABLES;

--
-- Table structure for table `ctg_tiposusuario`
--

DROP TABLE IF EXISTS `ctg_tiposusuario`;
/*!40101 SET @saved_cs_client     = @@character_set_client */;
/*!40101 SET character_set_client = utf8 */;
CREATE TABLE `ctg_tiposusuario` (
  `id_TipoUsuario` int(11) NOT NULL AUTO_INCREMENT,
  `tx_TipoUsuario` varchar(100) DEFAULT NULL,
  PRIMARY KEY (`id_TipoUsuario`)
) ENGINE=InnoDB AUTO_INCREMENT=3 DEFAULT CHARSET=latin1;
/*!40101 SET character_set_client = @saved_cs_client */;

--
-- Dumping data for table `ctg_tiposusuario`
--

LOCK TABLES `ctg_tiposusuario` WRITE;
/*!40000 ALTER TABLE `ctg_tiposusuario` DISABLE KEYS */;
INSERT INTO `ctg_tiposusuario` VALUES (1,'Administrador'),(2,'Usuario Normal');
/*!40000 ALTER TABLE `ctg_tiposusuario` ENABLE KEYS */;
UNLOCK TABLES;

--
-- Table structure for table `det_fra`
--

DROP TABLE IF EXISTS `det_fra`;
/*!40101 SET @saved_cs_client     = @@character_set_client */;
/*!40101 SET character_set_client = utf8 */;
CREATE TABLE `det_fra` (
  `cod_act` varchar(10) CHARACTER SET latin1 NOT NULL DEFAULT '',
  `cod_fra` int(11) NOT NULL,
  `codigo_original` varchar(20) CHARACTER SET latin1 NOT NULL DEFAULT '',
  `unidades` int(11) DEFAULT NULL,
  `precio_unitario` decimal(5,2) DEFAULT NULL,
  `valor_venta` decimal(5,2) DEFAULT NULL,
  `igv` decimal(5,2) DEFAULT NULL,
  PRIMARY KEY (`cod_fra`,`cod_act`,`codigo_original`),
  KEY `cod_act` (`cod_act`),
  KEY `cod_fra` (`cod_fra`),
  KEY `codigo_original` (`codigo_original`),
  CONSTRAINT `fk_det_fra_1` FOREIGN KEY (`cod_fra`) REFERENCES `facturas` (`cod_fra`) ON DELETE NO ACTION ON UPDATE NO ACTION,
  CONSTRAINT `fk_det_fra_2` FOREIGN KEY (`codigo_original`) REFERENCES `articulos` (`codigo_original`) ON DELETE NO ACTION ON UPDATE NO ACTION,
  CONSTRAINT `fk_det_fra_3` FOREIGN KEY (`cod_act`) REFERENCES `actividades` (`cod_act`) ON DELETE NO ACTION ON UPDATE NO ACTION
) ENGINE=InnoDB DEFAULT CHARSET=utf8;
/*!40101 SET character_set_client = @saved_cs_client */;

--
-- Dumping data for table `det_fra`
--

LOCK TABLES `det_fra` WRITE;
/*!40000 ALTER TABLE `det_fra` DISABLE KEYS */;
INSERT INTO `det_fra` VALUES ('DOC1',1,'9.001.083.538',1,6.70,5.68,1.02),('DOC1',2,'0.4774',1,138.00,116.95,21.05),('DOC1',3,'0.4774',4,138.00,467.80,84.20),('DOC1',3,'2.004.005.916',1,170.00,144.07,25.93);
/*!40000 ALTER TABLE `det_fra` ENABLE KEYS */;
UNLOCK TABLES;

--
-- Table structure for table `fabricante`
--

DROP TABLE IF EXISTS `fabricante`;
/*!40101 SET @saved_cs_client     = @@character_set_client */;
/*!40101 SET character_set_client = utf8 */;
CREATE TABLE `fabricante` (
  `id_fabricante` varchar(60) NOT NULL,
  `nombre_fabricante` varchar(80) NOT NULL
) ENGINE=InnoDB DEFAULT CHARSET=latin1;
/*!40101 SET character_set_client = @saved_cs_client */;

--
-- Dumping data for table `fabricante`
--

LOCK TABLES `fabricante` WRITE;
/*!40000 ALTER TABLE `fabricante` DISABLE KEYS */;
/*!40000 ALTER TABLE `fabricante` ENABLE KEYS */;
UNLOCK TABLES;

--
-- Table structure for table `facturas`
--

DROP TABLE IF EXISTS `facturas`;
/*!40101 SET @saved_cs_client     = @@character_set_client */;
/*!40101 SET character_set_client = utf8 */;
CREATE TABLE `facturas` (
  `cod_fra` int(11) NOT NULL DEFAULT '1006001',
  `id_clientes` int(11) DEFAULT NULL,
  `fecha` timestamp NULL DEFAULT NULL,
  `anulada` tinyint(1) DEFAULT '0',
  `cod_act` varchar(10) DEFAULT '',
  PRIMARY KEY (`cod_fra`),
  KEY `fk_facturas_1_idx` (`id_clientes`),
  KEY `fk_facturas_2_idx` (`cod_act`),
  CONSTRAINT `fk_facturas_1` FOREIGN KEY (`id_clientes`) REFERENCES `clientes` (`id_clientes`) ON DELETE NO ACTION ON UPDATE NO ACTION,
  CONSTRAINT `fk_facturas_2` FOREIGN KEY (`cod_act`) REFERENCES `actividades` (`cod_act`) ON DELETE NO ACTION ON UPDATE NO ACTION
) ENGINE=InnoDB DEFAULT CHARSET=latin1;
/*!40101 SET character_set_client = @saved_cs_client */;

--
-- Dumping data for table `facturas`
--

LOCK TABLES `facturas` WRITE;
/*!40000 ALTER TABLE `facturas` DISABLE KEYS */;
INSERT INTO `facturas` VALUES (1,6,'2016-05-12 18:16:16',0,'DOC1'),(2,6,'2016-05-12 18:28:11',0,'DOC1'),(3,6,'2016-05-12 18:42:48',0,'DOC1');
/*!40000 ALTER TABLE `facturas` ENABLE KEYS */;
UNLOCK TABLES;

--
-- Table structure for table `ficha`
--

DROP TABLE IF EXISTS `ficha`;
/*!40101 SET @saved_cs_client     = @@character_set_client */;
/*!40101 SET character_set_client = utf8 */;
CREATE TABLE `ficha` (
  `idficha` int(11) NOT NULL AUTO_INCREMENT,
  `codigo_original` varchar(20) NOT NULL,
  `T` varchar(45) DEFAULT NULL,
  `G` varchar(45) DEFAULT NULL,
  `L` varchar(45) DEFAULT NULL,
  `cantidad` decimal(5,2) DEFAULT NULL,
  `precio` decimal(5,2) DEFAULT NULL,
  `valor_venta` decimal(5,2) DEFAULT NULL,
  `igv` decimal(5,2) DEFAULT NULL,
  PRIMARY KEY (`idficha`),
  KEY `idarticulos_idx` (`codigo_original`)
) ENGINE=InnoDB AUTO_INCREMENT=3 DEFAULT CHARSET=latin1;
/*!40101 SET character_set_client = @saved_cs_client */;

--
-- Dumping data for table `ficha`
--

LOCK TABLES `ficha` WRITE;
/*!40000 ALTER TABLE `ficha` DISABLE KEYS */;
INSERT INTO `ficha` VALUES (1,'',NULL,NULL,NULL,5.00,12.50,62.50,11.25),(2,'0025',NULL,NULL,NULL,5.00,12.50,62.50,11.25);
/*!40000 ALTER TABLE `ficha` ENABLE KEYS */;
UNLOCK TABLES;

--
-- Table structure for table `movimiento`
--

DROP TABLE IF EXISTS `movimiento`;
/*!40101 SET @saved_cs_client     = @@character_set_client */;
/*!40101 SET character_set_client = utf8 */;
CREATE TABLE `movimiento` (
  `id_movimiento` int(11) NOT NULL AUTO_INCREMENT,
  `codigo_original` varchar(20) DEFAULT NULL,
  `tipo_movimiento` varchar(45) DEFAULT NULL,
  `cantidad` int(11) DEFAULT NULL,
  `fecha` timestamp NULL DEFAULT NULL,
  PRIMARY KEY (`id_movimiento`),
  KEY `fk_movimiento_1_idx` (`codigo_original`)
) ENGINE=InnoDB AUTO_INCREMENT=338 DEFAULT CHARSET=latin1;
/*!40101 SET character_set_client = @saved_cs_client */;

--
-- Dumping data for table `movimiento`
--

LOCK TABLES `movimiento` WRITE;
/*!40000 ALTER TABLE `movimiento` DISABLE KEYS */;
INSERT INTO `movimiento` VALUES (1,'123456','ENTRADA',23,'2014-07-29 21:57:52'),(2,'123456','SALIDA',12,'2014-07-29 22:44:54'),(3,'123456','SALIDA',10,'2014-07-29 22:45:59'),(24,'gfgfhh','ENTRADA',1,'2014-10-04 19:08:55'),(25,'et54gergertg','ENTRADA',1,'2014-10-04 19:10:53'),(26,'swwwwww','ENTRADA',3,'2014-10-04 19:12:11'),(27,'tgdfgdf','ENTRADA',2,'2014-10-04 19:13:08'),(35,'1.001','ENTRADA',1,'2014-10-04 23:52:06'),(37,'101','ENTRADA',1,'2014-10-04 23:54:49'),(42,'2.004.005.916','ENTRADA',1,'2014-10-07 14:37:25'),(43,'2.004.005.025/151','ENTRADA',1,'2014-10-07 14:43:58'),(45,'3M.101.011','ENTRADA',1,'2014-10-07 14:51:03'),(46,'3M.101.031','ENTRADA',1,'2014-10-07 14:54:00'),(47,'2.004.005.025/151','ENTRADA',1,'2014-10-07 14:56:39'),(48,'84 060 151','ENTRADA',1,'2014-10-07 14:58:08'),(49,'84 060 151','ENTRADA',1,'2014-10-07 15:00:12'),(50,'2.004.005.022','ENTRADA',1,'2014-10-07 15:02:09'),(51,'3M.101.062','ENTRADA',1,'2014-10-07 15:03:31'),(52,'81 466 022','ENTRADA',1,'2014-10-07 15:05:01'),(53,'2.004.005.137','ENTRADA',1,'2014-10-07 15:06:33'),(54,'2.004.006.101','ENTRADA',1,'2014-10-07 15:07:59'),(55,'619112','ENTRADA',1,'2014-10-07 15:09:45'),(56,'KLW00043','ENTRADA',1,'2014-10-07 15:11:29'),(57,'KLW00044','ENTRADA',1,'2014-10-07 15:12:57'),(58,'3M.101.111','ENTRADA',1,'2014-10-07 15:15:34'),(59,'2.004.004.112','ENTRADA',1,'2014-10-07 15:16:48'),(60,'84 059 112','ENTRADA',1,'2014-10-07 15:18:01'),(61,'2.004.004.11','ENTRADA',1,'2014-10-07 15:19:21'),(62,'3M.101.132','ENTRADA',1,'2014-10-07 15:21:03'),(63,'84 059 111','ENTRADA',1,'2014-10-07 15:23:54'),(64,'22.001.053','ENTRADA',1,'2014-10-07 15:26:43'),(65,'61-91095','ENTRADA',1,'2014-10-07 15:29:20'),(66,'61-9110-5','ENTRADA',1,'2014-10-07 15:30:40'),(67,'084 059 033','ENTRADA',1,'2014-10-07 15:32:51'),(68,'9.001.083.045','ENTRADA',1,'2014-10-07 15:34:29'),(69,'9.001.083.327','ENTRADA',1,'2014-10-07 15:36:00'),(70,'9.001.083.498','ENTRADA',1,'2014-10-07 15:37:16'),(71,'2.004.004.071','ENTRADA',1,'2014-10-07 15:38:28'),(72,'2.004.004.068','ENTRADA',1,'2014-10-07 15:39:52'),(73,'084 069 004','ENTRADA',1,'2014-10-07 15:40:57'),(74,'084 089 039','ENTRADA',1,'2014-10-07 15:42:30'),(75,'2.004.004.016','ENTRADA',1,'2014-10-07 15:44:10'),(76,'619114','ENTRADA',1,'2014-10-07 15:45:44'),(77,'3M.101.203','ENTRADA',1,'2014-10-07 15:46:58'),(78,'3M.101.204','ENTRADA',1,'2014-10-07 15:48:08'),(79,'3033-1F','ENTRADA',1,'2014-10-07 15:49:08'),(80,'3075','ENTRADA',1,'2014-10-07 15:50:38'),(81,'3M.101.211','ENTRADA',1,'2014-10-07 19:18:17'),(82,'9.001.082.321','ENTRADA',1,'2014-10-07 19:21:24'),(83,'12-5027','ENTRADA',1,'2014-10-07 19:23:15'),(84,'3M.101.241','ENTRADA',1,'2014-10-07 19:24:35'),(85,'AM-2311','ENTRADA',1,'2014-10-07 19:26:14'),(86,'1.004.002.127','ENTRADA',1,'2014-10-07 19:27:49'),(87,'9.001.082.63','ENTRADA',1,'2014-10-07 19:28:44'),(88,'61-9125','ENTRADA',1,'2014-10-07 19:30:02'),(89,'9.001.082.045','ENTRADA',1,'2014-10-07 19:31:33'),(90,'9.001.082.158','ENTRADA',1,'2014-10-07 19:32:48'),(91,'9.001.082.469','ENTRADA',1,'2014-10-07 19:34:09'),(92,'3M.153.011','ENTRADA',1,'2014-10-07 19:36:05'),(93,'AM-106B548','ENTRADA',1,'2014-10-07 19:38:00'),(94,'3M.153.021','ENTRADA',1,'2014-10-07 19:40:38'),(95,'3M.156.011','ENTRADA',1,'2014-10-07 19:41:53'),(96,'3M.156.021','ENTRADA',1,'2014-10-07 19:43:11'),(97,'3M.156.031','ENTRADA',1,'2014-10-07 19:44:32'),(98,'61-122  WAI','ENTRADA',1,'2014-10-20 16:21:50'),(99,'3M.204.021','ENTRADA',1,'2014-10-20 16:24:15'),(100,'61-121  WAI','ENTRADA',1,'2014-10-20 16:32:10'),(101,'3M.204.041','ENTRADA',1,'2014-10-20 16:34:18'),(102,'3M.204.051','ENTRADA',1,'2014-10-20 16:36:04'),(103,'3M.204.061','ENTRADA',1,'2014-10-20 16:38:25'),(104,'61-160  WAI','ENTRADA',1,'2014-10-20 16:41:22'),(105,'3M.204.081','ENTRADA',1,'2014-10-20 16:42:54'),(106,'3M.204.091','ENTRADA',1,'2014-10-20 16:44:17'),(107,'3M.204.092','ENTRADA',1,'2014-10-20 16:45:35'),(108,'0.4774','ENTRADA',1,'2014-10-20 16:49:13'),(109,'61-133  WAI','ENTRADA',1,'2014-10-20 16:51:28'),(110,'61-150  WAI','ENTRADA',1,'2014-10-20 16:52:42'),(111,'61-152  WAI','ENTRADA',1,'2014-10-20 16:53:59'),(112,'61-151  WAI','ENTRADA',1,'2014-10-20 16:55:44'),(114,'3M.204.123','ENTRADA',1,'2014-10-20 16:58:49'),(115,'3M.204.031','ENTRADA',1,'2014-10-20 17:13:12'),(116,'3M.208.001','ENTRADA',1,'2014-10-20 17:15:17'),(117,'3M.208.021','ENTRADA',1,'2014-10-20 17:19:59'),(118,'3M.301.011','ENTRADA',1,'2014-10-20 17:22:12'),(119,'3M.301.021','ENTRADA',1,'2014-10-20 17:28:14'),(120,'3M.302.011','ENTRADA',1,'2014-10-20 17:30:13'),(121,'3M.302.021','ENTRADA',1,'2014-10-20 17:32:10'),(122,'4-100AR11','ENTRADA',1,'2014-10-20 17:34:13'),(123,'3M.302.041','ENTRADA',1,'2014-10-20 17:37:42'),(124,'3M.302.051','ENTRADA',1,'2014-10-20 17:41:47'),(125,'3M.302.052','ENTRADA',1,'2014-10-20 19:35:44'),(126,'61-122  WAI','ENTRADA',1,'2014-10-20 19:41:28'),(127,'3m.302.011','ENTRADA',1,'2014-10-20 23:01:42'),(128,'asdasdad','ENTRADA',1,'2014-10-20 23:05:21'),(129,'sdffsdfsdf','ENTRADA',2,'2014-10-20 23:06:45'),(131,'aqqqqqqqqa','ENTRADA',1,'2014-10-20 23:08:44'),(132,'3M.204.011','ENTRADA',1,'2014-10-23 14:25:16'),(133,'3M.204.021','ENTRADA',1,'2014-10-23 14:30:51'),(134,'3M.204.022','ENTRADA',1,'2014-10-23 14:43:21'),(135,'61-121  WAI','ENTRADA',1,'2014-10-23 14:44:50'),(136,'3M.204.041','ENTRADA',1,'2014-10-23 14:48:12'),(137,'3M.204.061','ENTRADA',1,'2014-10-23 14:53:32'),(138,'61-160   WAI','ENTRADA',1,'2014-10-23 14:56:21'),(139,'3M.204.081','ENTRADA',1,'2014-10-23 15:00:37'),(140,'3M.204.091','ENTRADA',1,'2014-10-23 15:25:22'),(141,'3M.204.092','ENTRADA',1,'2014-10-23 15:26:36'),(142,'0.4774','ENTRADA',1,'2014-10-23 15:27:50'),(143,'61-133  WAI','ENTRADA',1,'2014-10-23 15:29:39'),(144,'61-150  WAI','ENTRADA',1,'2014-10-23 15:32:16'),(145,'61-151  WAI','ENTRADA',1,'2014-10-23 15:48:09'),(146,'61-8401','ENTRADA',1,'2014-10-23 15:51:30'),(147,'3M.204.123','ENTRADA',1,'2014-10-23 15:54:40'),(148,'3M.204.124','ENTRADA',1,'2014-10-23 15:57:20'),(149,'3M.208.011','ENTRADA',1,'2014-10-23 16:04:47'),(150,'3M.208.021','ENTRADA',1,'2014-10-23 16:07:42'),(151,'3M.301.011','ENTRADA',1,'2014-10-23 16:09:02'),(152,'','ENTRADA',1,'2014-11-07 15:52:24'),(153,'','ENTRADA',1,'2014-11-07 15:53:24'),(154,'','ENTRADA',1,'2014-11-07 15:54:44'),(155,'CH-07   -4-100AR11','ENTRADA',1,'2014-11-07 15:56:38'),(156,'','ENTRADA',1,'2014-11-07 15:58:00'),(157,'','ENTRADA',1,'2014-11-07 15:59:19'),(158,'','ENTRADA',1,'2014-11-07 16:00:17'),(159,'','ENTRADA',1,'2014-11-07 16:01:09'),(160,'','ENTRADA',1,'2014-11-07 16:01:55'),(161,'','ENTRADA',1,'2014-11-07 16:03:09'),(162,'23310-H5000','ENTRADA',1,'2014-11-07 16:04:06'),(163,'','ENTRADA',1,'2014-11-07 16:05:42'),(164,'618119 WAI','ENTRADA',1,'2014-11-07 16:07:03'),(165,'','ENTRADA',1,'2014-11-07 16:08:49'),(166,'','ENTRADA',1,'2014-11-07 16:09:58'),(167,'','ENTRADA',1,'2014-11-07 16:10:48'),(168,'','ENTRADA',1,'2014-11-07 16:11:34'),(169,'','ENTRADA',1,'2014-11-07 16:12:35'),(170,'','ENTRADA',1,'2014-11-07 16:13:23'),(171,'','ENTRADA',1,'2014-11-07 16:14:39'),(172,'','ENTRADA',1,'2014-11-07 16:15:33'),(173,'WA-558 WOODAUTO','ENTRADA',1,'2014-11-07 16:16:30'),(174,'','ENTRADA',1,'2014-11-07 16:18:23'),(175,'','ENTRADA',1,'2014-11-07 16:19:28'),(176,'','ENTRADA',1,'2014-11-07 16:21:00'),(177,'WA-557  WOODAUTO','ENTRADA',1,'2014-11-07 16:22:07'),(178,'61-9205  COREANO','ENTRADA',1,'2014-11-07 16:23:58'),(179,'WA-561 WOODAUTO','ENTRADA',1,'2014-11-07 16:25:42'),(180,'','ENTRADA',1,'2014-11-07 16:27:16'),(181,'','ENTRADA',1,'2014-11-07 16:28:22'),(182,'9.001.083.350','ENTRADA',1,'2014-11-07 16:30:44'),(183,'9.001.083.425','ENTRADA',1,'2014-11-07 16:33:06'),(184,'9.968.605.801','ENTRADA',1,'2014-11-07 16:34:24'),(185,'1.900.308.531','ENTRADA',1,'2014-11-07 16:35:32'),(186,'','ENTRADA',1,'2014-11-07 16:36:41'),(187,'','ENTRADA',1,'2014-11-07 16:37:49'),(188,'','ENTRADA',1,'2014-11-07 16:38:50'),(189,'','ENTRADA',1,'2014-11-07 16:40:11'),(190,'77467','ENTRADA',1,'2014-11-07 16:41:12'),(191,'73401','ENTRADA',1,'2014-11-07 16:42:20'),(192,'72-1400 WAI','ENTRADA',1,'2014-11-07 16:44:35'),(193,'71-1310 WAI','ENTRADA',1,'2014-11-07 16:46:07'),(194,'72-1400  WAI','ENTRADA',1,'2014-11-07 16:47:21'),(195,'T-1  WAI','ENTRADA',1,'2014-11-07 16:48:37'),(196,'72-1106  WAI','ENTRADA',1,'2014-11-07 16:49:45'),(197,'','ENTRADA',1,'2014-11-07 16:50:57'),(198,'','ENTRADA',1,'2014-11-07 16:54:41'),(199,'','ENTRADA',1,'2014-11-07 16:55:42'),(200,'','ENTRADA',1,'2014-11-07 16:56:50'),(201,'','ENTRADA',1,'2014-11-07 16:57:53'),(202,'','ENTRADA',1,'2014-11-07 16:58:49'),(203,'','ENTRADA',1,'2014-11-07 17:02:37'),(204,'','ENTRADA',1,'2014-11-07 17:19:22'),(205,'3M.605.081','ENTRADA',1,'2014-11-07 17:24:19'),(206,'3M.605.071','ENTRADA',1,'2014-11-07 17:26:35'),(207,'3M.302.011','ENTRADA',1,'2014-11-07 17:31:20'),(208,'3M.302.021','ENTRADA',1,'2014-11-07 17:33:38'),(209,'3M.302.041','ENTRADA',1,'2014-11-07 17:34:33'),(210,'3M.302.051','ENTRADA',1,'2014-11-07 17:36:21'),(211,'3M.302.052','ENTRADA',1,'2014-11-07 17:37:05'),(212,'3M.302.053','ENTRADA',1,'2014-11-07 17:38:19'),(213,'3M.403.011','ENTRADA',1,'2014-11-07 17:39:54'),(214,'3M.403.021','ENTRADA',1,'2014-11-07 17:41:29'),(215,'3M.403.041','ENTRADA',1,'2014-11-07 19:56:59'),(216,'3M.403.043','ENTRADA',1,'2014-11-07 19:58:22'),(217,'3M.403.044','ENTRADA',1,'2014-11-07 20:00:01'),(218,'3M.403.045','ENTRADA',1,'2014-11-07 20:01:14'),(219,'3M.451.011','ENTRADA',1,'2014-11-07 20:02:05'),(220,'3M.451.021','ENTRADA',1,'2014-11-07 20:03:11'),(221,'3M.603.011','ENTRADA',1,'2014-11-07 20:04:04'),(222,'3M.603.021','ENTRADA',1,'2014-11-07 20:05:00'),(223,'3M.605.011','ENTRADA',1,'2014-11-07 20:05:58'),(224,'3M.605.013','ENTRADA',1,'2014-11-07 20:06:47'),(225,'3M.605.021','ENTRADA',1,'2014-11-07 20:08:04'),(226,'3M.605.031','ENTRADA',1,'2014-11-07 20:08:54'),(227,'3M.605.051','ENTRADA',1,'2014-11-07 20:09:53'),(228,'3M.605.061','ENTRADA',1,'2014-11-07 20:12:49'),(229,'3M.605.091','ENTRADA',1,'2014-11-07 20:13:51'),(230,'3M.651.011','ENTRADA',1,'2014-11-07 20:15:01'),(231,'3M.651.021','ENTRADA',1,'2014-11-07 20:16:18'),(232,'3M.651.031','ENTRADA',1,'2014-11-07 20:17:07'),(233,'3M.656.011','ENTRADA',1,'2014-11-07 20:18:08'),(234,'3M.656.021','ENTRADA',1,'2014-11-07 20:19:06'),(235,'3M.656.031','ENTRADA',1,'2014-11-07 20:19:56'),(236,'A-07-025-211HM','ENTRADA',1,'2014-11-07 20:20:40'),(237,'61-8303  WAI','ENTRADA',1,'2014-11-07 20:21:50'),(238,'N106X29371','ENTRADA',1,'2014-11-07 20:22:49'),(239,'P-3809','ENTRADA',1,'2014-11-07 20:24:50'),(240,'36100-21770 COREANO','ENTRADA',1,'2014-11-07 20:25:50'),(241,'3M.656.062','ENTRADA',1,'2014-11-07 20:27:11'),(242,'3M.657.011','ENTRADA',1,'2014-11-07 20:28:07'),(243,'3M.657.021','ENTRADA',1,'2014-11-07 20:29:14'),(244,'3M.657.031','ENTRADA',1,'2014-11-07 20:30:09'),(245,'3M.657.041','ENTRADA',1,'2014-11-07 20:31:15'),(246,'G1-210  WAI','ENTRADA',1,'2014-11-07 20:32:13'),(247,'G1-200.9  WAI','ENTRADA',1,'2014-11-07 20:33:06'),(248,'61-210  WAI','ENTRADA',1,'2014-11-07 20:34:17'),(249,'G1-203  WAI','ENTRADA',1,'2014-11-07 20:35:21'),(250,'61-8202  WAI','ENTRADA',1,'2014-11-07 20:36:08'),(251,'28160-15010','ENTRADA',1,'2014-11-07 20:37:12'),(252,'28160-26070','ENTRADA',1,'2014-11-07 20:38:18'),(253,'61-8207  WAI','ENTRADA',1,'2014-11-07 20:39:19'),(254,'3M.703.051','ENTRADA',1,'2014-11-07 20:42:15'),(255,'3M.703.061','ENTRADA',1,'2014-11-07 20:43:55'),(256,'3M.703.071','ENTRADA',1,'2014-11-07 20:45:07'),(257,'3M.703.081','ENTRADA',1,'2014-11-07 20:46:07'),(258,'JBA-002','ENTRADA',1,'2014-11-07 20:48:36'),(259,'1M-913H-3  WAI ','ENTRADA',1,'2014-11-07 20:52:41'),(260,'1M-1450  WAI','ENTRADA',1,'2014-11-07 21:08:28'),(261,'025-012 HM','ENTRADA',1,'2014-11-07 21:11:24'),(262,'025-146-HM','ENTRADA',1,'2014-11-07 21:12:55'),(263,'6A-37','ENTRADA',1,'2014-11-07 21:15:35'),(264,'1M-3079','ENTRADA',1,'2014-11-07 21:16:36'),(265,'61-9125  WAI','ENTRADA',1,'2014-11-07 21:17:26'),(266,'FG 2403','ENTRADA',1,'2014-11-07 21:18:45'),(267,'1M-3095','ENTRADA',1,'2014-11-07 21:30:20'),(268,'61-8117  WAI','ENTRADA',1,'2014-11-07 21:43:35'),(269,'618317  wai','ENTRADA',1,'2014-11-10 19:56:32'),(270,'618114  WAI','ENTRADA',1,'2014-11-10 19:58:44'),(271,'618113  WAI','ENTRADA',1,'2014-11-10 20:00:00'),(272,'618314  WAI','ENTRADA',1,'2014-11-10 20:01:15'),(273,'61-144  WAI','ENTRADA',1,'2014-11-10 20:02:31'),(274,'61-8110  WAI','ENTRADA',1,'2014-11-10 20:03:26'),(275,'61-8106  WAI','ENTRADA',1,'2014-11-10 20:04:40'),(276,'61-8100  WAI','ENTRADA',1,'2014-11-10 20:05:41'),(277,'61-143  WAI','ENTRADA',1,'2014-11-10 20:06:48'),(278,'61-118  WAI','ENTRADA',1,'2014-11-10 20:07:43'),(279,'CH-01   083-20','ENTRADA',1,'2014-11-10 20:08:43'),(280,'61-8313  WAI','ENTRADA',1,'2014-11-10 20:10:12'),(281,'61-9129  WAI','ENTRADA',1,'2014-11-10 20:11:08'),(282,'28160-41011','ENTRADA',1,'2014-11-10 20:16:26'),(283,'91-8208  WAI','ENTRADA',1,'2014-11-10 20:18:06'),(284,'3M.703.111','ENTRADA',1,'2014-11-10 20:19:30'),(285,'618207  COREANO','ENTRADA',1,'2014-11-10 20:21:10'),(286,'61-8203  WAI','ENTRADA',1,'2014-11-10 20:21:57'),(287,'3M.703.141','ENTRADA',1,'2014-11-10 20:23:13'),(288,'3M.703.142','ENTRADA',1,'2014-11-10 20:28:21'),(289,'3M.801.011','ENTRADA',1,'2014-11-10 20:29:52'),(290,'3M.801.021','ENTRADA',1,'2014-11-10 20:30:54'),(291,'61-9134  WAI','ENTRADA',1,'2014-11-10 20:31:47'),(292,'3M.805.011','ENTRADA',1,'2014-11-10 20:32:41'),(293,'3M.805.012','ENTRADA',1,'2014-11-10 20:33:25'),(294,'3M.805.021','ENTRADA',1,'2014-11-10 20:34:15'),(295,'3M.805.031','ENTRADA',1,'2014-11-10 20:35:13'),(296,'3M.805.041','ENTRADA',1,'2014-11-10 20:36:10'),(297,'3M.805.051','ENTRADA',1,'2014-11-10 20:37:11'),(298,'3M.805.061','ENTRADA',1,'2014-11-10 20:38:28'),(299,'3M.942.011','ENTRADA',1,'2014-11-10 20:39:27'),(300,'3M.942.021','ENTRADA',1,'2014-11-10 20:40:27'),(301,'3M.951.011','ENTRADA',1,'2014-11-10 20:41:27'),(302,'228.50  WAPSA','ENTRADA',1,'2014-11-10 20:42:28'),(303,'M-8088','ENTRADA',1,'2014-11-10 20:43:28'),(304,'228-29  WAPSA','ENTRADA',1,'2014-11-10 20:44:22'),(305,'228.43  WAPSA','ENTRADA',1,'2014-11-10 20:45:45'),(306,'3M.951.061','ENTRADA',1,'2014-11-10 20:46:51'),(307,'025-129','ENTRADA',1,'2014-11-10 20:47:38'),(308,'025-032','ENTRADA',1,'2014-11-10 20:48:30'),(309,'025-128','ENTRADA',1,'2014-11-10 20:49:22'),(310,'61-8312  WAI','ENTRADA',1,'2014-11-10 20:50:09'),(311,'025-126','ENTRADA',1,'2014-11-10 20:51:07'),(312,'025-155','ENTRADA',1,'2014-11-10 20:51:58'),(313,'3M.951.068','ENTRADA',1,'2014-11-10 20:52:46'),(314,'3M.951.069','ENTRADA',1,'2014-11-10 20:53:51'),(315,'61-215  WAI','ENTRADA',1,'2014-11-10 20:54:42'),(316,'3M.951.071','ENTRADA',1,'2014-11-10 20:55:35'),(317,'5L.101.011','ENTRADA',1,'2014-11-10 20:57:13'),(318,'5A.101.051','ENTRADA',1,'2014-11-10 20:59:04'),(319,'5A.101.061','ENTRADA',1,'2014-11-10 21:01:28'),(320,'5A.153.011','ENTRADA',1,'2014-11-10 21:02:23'),(321,'5A.153.021','ENTRADA',1,'2014-11-10 21:04:31'),(322,'9.001.082.508','ENTRADA',1,'2014-11-13 22:40:35'),(323,'9.001.085.207','ENTRADA',1,'2014-11-13 22:42:32'),(324,'9.001.083.540','ENTRADA',1,'2014-11-13 22:43:37'),(325,'9.001.083.541','ENTRADA',1,'2014-11-13 22:46:53'),(326,'9.001.083.243','ENTRADA',1,'2014-11-13 22:48:26'),(327,'9.001.083.307','ENTRADA',1,'2014-11-13 22:49:37'),(328,'9.001.083.238','ENTRADA',1,'2014-11-13 22:50:42'),(329,'9.001.083.388','ENTRADA',1,'2014-11-13 22:51:50'),(330,'9.001.083.538','ENTRADA',1,'2014-11-13 22:52:43'),(332,'3N.101.011','ENTRADA',0,'2014-11-18 23:13:52'),(333,'3N.101.012','ENTRADA',0,'2014-11-18 23:16:48'),(334,'3M.101.031','ENTRADA',1,'2016-01-12 04:22:38'),(335,'9.001.083.541','ENTRADA',1,'2016-01-12 04:35:34'),(336,'9.001.083.541','ENTRADA',1,'2016-03-21 19:46:30'),(337,'36100-21770 COREANO','ENTRADA',2,'2016-04-25 03:11:17');
/*!40000 ALTER TABLE `movimiento` ENABLE KEYS */;
UNLOCK TABLES;

--
-- Table structure for table `proveedores`
--

DROP TABLE IF EXISTS `proveedores`;
/*!40101 SET @saved_cs_client     = @@character_set_client */;
/*!40101 SET character_set_client = utf8 */;
CREATE TABLE `proveedores` (
  `id_proveedores` int(11) NOT NULL AUTO_INCREMENT,
  `rz_social` varchar(60) DEFAULT NULL,
  `direccion` varchar(60) DEFAULT NULL,
  `ruc` varchar(11) DEFAULT NULL,
  `telefono` varchar(20) DEFAULT NULL,
  `tx_nombre` varchar(50) DEFAULT NULL,
  `tx_apellidos` varchar(60) DEFAULT NULL,
  PRIMARY KEY (`id_proveedores`),
  UNIQUE KEY `id_proveedores_UNIQUE` (`id_proveedores`)
) ENGINE=InnoDB AUTO_INCREMENT=5 DEFAULT CHARSET=latin1;
/*!40101 SET character_set_client = @saved_cs_client */;

--
-- Dumping data for table `proveedores`
--

LOCK TABLES `proveedores` WRITE;
/*!40000 ALTER TABLE `proveedores` DISABLE KEYS */;
INSERT INTO `proveedores` VALUES (1,'AUTOMARKET','Arequipa 1001 CERCADO','21456385925','(054)-547820','Alejandro','Ulloa Mantes'),(2,'ROBERT ELIO AGUILAR CARRIZALES','AV. AREQUIPA NRO. 5000','1042992877','123456','LA','AL'),(3,'MAQUINARIAS S.A','GRAU JLB Y RIVERO','78954562310','452136','KIO','OKIO'),(4,'JUAN SERVICIOS MULTIPLES','AQP','20568974561','524879','JUAN DIEGO','ROBINHO');
/*!40000 ALTER TABLE `proveedores` ENABLE KEYS */;
UNLOCK TABLES;

--
-- Table structure for table `tbl_users`
--

DROP TABLE IF EXISTS `tbl_users`;
/*!40101 SET @saved_cs_client     = @@character_set_client */;
/*!40101 SET character_set_client = utf8 */;
CREATE TABLE `tbl_users` (
  `id_usuario` int(11) NOT NULL AUTO_INCREMENT,
  `tx_nombre` varchar(50) NOT NULL,
  `tx_apellidoPaterno` varchar(50) DEFAULT NULL,
  `tx_apellidoMaterno` varchar(50) DEFAULT NULL,
  `tx_correo` varchar(100) DEFAULT NULL,
  `tx_username` varchar(50) DEFAULT NULL,
  `tx_password` varchar(250) DEFAULT NULL,
  `id_TipoUsuario` int(11) DEFAULT NULL,
  `dt_registro` datetime DEFAULT NULL,
  PRIMARY KEY (`id_usuario`),
  KEY `id_TipoUsuario` (`id_TipoUsuario`),
  CONSTRAINT `tbl_users_ibfk_1` FOREIGN KEY (`id_TipoUsuario`) REFERENCES `ctg_tiposusuario` (`id_TipoUsuario`)
) ENGINE=InnoDB AUTO_INCREMENT=9 DEFAULT CHARSET=latin1;
/*!40101 SET character_set_client = @saved_cs_client */;

--
-- Dumping data for table `tbl_users`
--

LOCK TABLES `tbl_users` WRITE;
/*!40000 ALTER TABLE `tbl_users` DISABLE KEYS */;
INSERT INTO `tbl_users` VALUES (1,'Gonzalo','Silverio','Silverio','gonzasilve@gmail.com','gonzasilve','827ccb0eea8a706c4c34a16891f84e7b',1,'2012-11-09 17:35:40'),(2,'juan','huanca','mamani','robert.elio.h@gmail.com','juandiego','827ccb0eea8a706c4c34a16891f84e7b',2,'2013-01-19 14:08:03'),(3,'meneo','mena','meno','servertux@gmail.com','meneo','e10adc3949ba59abbe56e057f20f883e',2,'2013-01-20 11:58:01'),(4,'juana','ajihajb','hjbhjb','dd@dd.com','juana','e10adc3949ba59abbe56e057f20f883e',2,'2013-01-23 19:43:57'),(5,'edwin','bedoya','apaza','jaed25@hotmail.com','edwin','e10adc3949ba59abbe56e057f20f883e',2,'2013-01-23 20:15:48'),(6,'Robert Elio','Aguilar','Carrizales','robert.elio.h_1@gmail.com','robert','684c851af59965b680086b7b4896ff98',2,'2013-03-12 18:45:43'),(7,'ROBERT','HUANCA','MAMANI','admin@servertux.com','servertux','3ea88a7ee7be89834597390b9ac6e77f',2,'2013-11-20 21:43:48'),(8,'Raul ','Salazar','Cordova',NULL,'raul','c2f004a05fffa487f826003604b87de1',1,NULL);
/*!40000 ALTER TABLE `tbl_users` ENABLE KEYS */;
UNLOCK TABLES;
/*!40103 SET TIME_ZONE=@OLD_TIME_ZONE */;

/*!40101 SET SQL_MODE=@OLD_SQL_MODE */;
/*!40014 SET FOREIGN_KEY_CHECKS=@OLD_FOREIGN_KEY_CHECKS */;
/*!40014 SET UNIQUE_CHECKS=@OLD_UNIQUE_CHECKS */;
/*!40101 SET CHARACTER_SET_CLIENT=@OLD_CHARACTER_SET_CLIENT */;
/*!40101 SET CHARACTER_SET_RESULTS=@OLD_CHARACTER_SET_RESULTS */;
/*!40101 SET COLLATION_CONNECTION=@OLD_COLLATION_CONNECTION */;
/*!40111 SET SQL_NOTES=@OLD_SQL_NOTES */;

-- Dump completed on 2016-07-31 21:55:43
